State,Year,Population.12-17,Population.18-25,Population.26+,Totals.Alcohol.Use Disorder Past Year.12-17,Totals.Alcohol.Use Disorder Past Year.18-25,Totals.Alcohol.Use Disorder Past Year.26+,Totals.Illicit Drugs.Cocaine Used Past Year.12-17,Totals.Illicit Drugs.Cocaine Used Past Year.18-25,Totals.Illicit Drugs.Cocaine Used Past Year.26+,Totals.Marijuana.New Users.12-17,Totals.Marijuana.New Users.18-25,Totals.Marijuana.New Users.26+,Totals.Marijuana.Used Past Year.12-17,Totals.Marijuana.Used Past Year.18-25,Totals.Marijuana.Used Past Year.26+,addiction_population
Alabama,2002,380805,499453,2812905,18,68,138,6,27,49,20,18,2,49,119,141,655
Alaska,2002,69400,62791,368460,4,12,27,2,5,5,4,2,0,13,24,46,144
Arizona,2002,485521,602265,3329482,36,117,258,16,51,86,25,18,3,82,166,215,1073
Arkansas,2002,232986,302029,1687337,14,53,101,4,18,26,13,10,1,37,87,104,468
California,2002,3140739,3919577,21392421,173,581,1298,53,259,410,158,126,17,443,1109,1670,6297
Colorado,2002,385648,493921,2798960,26,102,211,10,51,83,23,16,3,75,181,300,1081
Connecticut,2002,295157,323120,2235763,16,61,120,5,23,33,20,11,2,52,125,158,626
Delaware,2002,66477,88388,514059,4,16,31,1,7,11,4,3,0,12,29,36,154
District of Columbia,2002,33192,73655,372907,1,12,31,0,3,14,2,3,0,5,28,40,139
Florida,2002,1346297,1576278,11066322,73,266,620,26,108,220,77,52,8,217,470,900,3037
Georgia,2002,748467,945489,5202846,36,141,331,13,50,108,40,26,4,106,226,331,1412
Hawaii,2002,103803,122789,761280,7,22,45,2,7,9,6,5,0,19,37,59,218
Idaho,2002,128028,164566,794611,10,30,52,2,8,7,7,5,1,19,40,42,223
Illinois,2002,1082396,1380990,7825956,66,269,564,18,90,143,58,46,5,156,409,462,2286
Indiana,2002,541577,704733,3788500,34,135,230,11,51,68,25,24,4,76,200,245,1103
Iowa,2002,246347,351217,1847207,19,69,114,5,23,27,12,14,1,33,91,104,512
Kansas,2002,241178,319425,1645149,12,59,86,4,20,24,11,12,1,32,81,87,429
Kentucky,2002,327727,454574,2605898,17,67,125,7,30,50,19,13,2,53,119,177,679
Louisiana,2002,406965,537725,2668243,24,94,169,7,29,65,20,21,2,53,148,154,786
Maine,2002,108861,130511,869560,6,24,51,2,11,13,8,5,1,20,49,68,258
Maryland,2002,476696,536352,3466746,26,86,226,7,26,59,28,19,3,70,163,237,950
Massachusetts,2002,508325,672543,4201348,37,124,301,10,53,90,31,22,3,102,257,472,1502
Michigan,2002,895753,1091376,6298792,57,200,444,19,68,128,51,39,4,153,353,539,2055
Minnesota,2002,446545,572795,3154577,32,120,223,10,43,52,26,19,3,77,174,225,1004
Mississippi,2002,257508,347410,1704672,10,48,91,3,15,30,11,11,1,28,77,80,405
Missouri,2002,491394,628542,3550250,31,124,213,10,45,80,30,21,3,79,198,280,1114
Montana,2002,81697,103338,578710,9,24,48,2,8,9,6,4,0,17,36,52,215
Nebraska,2002,152465,204600,1058402,14,51,79,3,12,15,9,7,1,25,56,67,339
Nevada,2002,184670,215631,1379759,13,35,95,4,16,23,12,6,1,36,63,115,419
New Hampshire,2002,113457,129505,830689,9,30,59,3,13,16,8,5,1,23,58,94,319
New Jersey,2002,719658,791085,5586200,37,131,278,13,51,95,43,25,4,101,233,279,1290
New Mexico,2002,176611,210636,1122984,14,48,90,5,21,20,11,8,1,34,71,81,404
New York,2002,1562426,2036478,12316861,87,323,727,22,141,248,93,81,8,250,684,1010,3674
North Carolina,2002,685632,875677,5204654,39,145,273,13,56,95,46,30,4,116,234,315,1366
North Dakota,2002,54387,82312,389658,6,22,29,1,5,4,3,3,0,9,24,19,125
Ohio,2002,987986,1231294,7182193,57,228,457,17,86,135,56,42,4,151,374,500,2107
Oklahoma,2002,302673,411137,2120890,17,70,109,6,25,27,17,14,1,46,105,119,556
Oregon,2002,297076,385140,2261755,17,69,131,6,28,39,17,12,2,52,140,214,727
Pennsylvania,2002,1028108,1290045,8009346,55,233,427,15,85,144,60,47,5,157,386,477,2091
Rhode Island,2002,85295,126228,688500,6,32,53,2,15,17,5,4,1,16,58,64,273
South Carolina,2002,345629,458404,2574050,17,89,160,6,29,54,20,18,2,46,127,153,721
South Dakota,2002,69742,90990,459901,7,24,36,2,5,5,5,4,0,12,26,23,149
Tennessee,2002,473558,621828,3699537,23,92,171,9,38,66,22,20,2,58,131,164,796
Texas,2002,2018953,2512206,12788834,118,422,780,52,167,203,114,77,14,281,560,641,3429
Utah,2002,229447,360378,1222045,11,47,67,3,17,15,10,12,1,25,75,48,331
Vermont,2002,53924,69851,403822,3,13,24,2,7,7,4,2,0,12,31,41,146
Virginia,2002,607438,739131,4560096,38,130,265,10,41,81,38,27,3,94,219,259,1205
Washington,2002,528622,653701,3825493,31,119,224,9,47,49,31,19,3,93,236,346,1207
West Virginia,2002,139163,194555,1197550,9,31,60,4,14,17,9,6,1,24,54,63,292
Wisconsin,2002,482686,620505,3425585,35,145,253,10,41,61,30,23,2,76,186,192,1054
Wyoming,2002,45377,59114,310110,3,14,21,1,4,4,3,2,0,7,17,20,96
Alabama,2003,381563,503783,2834977,18,68,135,6,28,46,19,16,2,51,127,156,672
Alaska,2003,68492,69578,370098,4,11,23,1,6,5,4,2,0,13,25,43,137
Arizona,2003,498693,621802,3424675,37,120,276,14,54,83,27,17,3,83,163,233,1110
Arkansas,2003,233184,306999,1703727,13,49,86,4,17,23,12,10,1,34,91,103,443
California,2003,3209345,3949889,21686129,204,655,1336,52,267,417,169,139,13,469,1099,1625,6445
Colorado,2003,388793,501011,2828830,26,102,220,8,45,75,24,16,2,71,156,269,1014
Connecticut,2003,295229,336200,2259754,19,69,139,5,27,32,21,12,2,55,132,174,687
Delaware,2003,67658,90513,522123,3,16,29,1,7,10,4,3,0,10,29,34,146
District of Columbia,2003,33384,70483,367787,1,11,33,0,3,11,2,3,0,4,22,39,129
Florida,2003,1376459,1658368,11277251,77,274,662,22,120,217,71,49,9,196,482,833,3012
Georgia,2003,763519,967105,5276693,32,122,275,11,43,102,37,27,5,101,222,360,1337
Hawaii,2003,100549,121734,791438,7,22,46,1,7,10,5,5,0,17,36,57,213
Idaho,2003,127839,168848,815805,9,28,52,2,8,9,7,5,1,18,39,45,223
Illinois,2003,1089901,1400520,7863343,66,290,563,16,87,150,59,45,5,150,393,541,2365
Indiana,2003,546518,711380,3816240,31,128,223,10,48,64,27,23,4,74,204,249,1085
Iowa,2003,243608,354296,1860596,18,83,131,4,22,28,12,14,1,30,96,105,544
Kansas,2003,237856,324390,1655732,17,67,97,4,20,22,13,12,1,33,78,93,457
Kentucky,2003,336908,453011,2611452,18,64,137,6,30,48,20,12,2,54,111,195,697
Louisiana,2003,403315,543941,2685275,24,86,176,6,31,53,21,18,2,50,128,146,741
Maine,2003,109954,134241,875886,7,24,54,2,13,14,6,5,1,20,49,70,265
Maryland,2003,485901,556047,3492188,25,94,216,6,32,63,27,18,2,73,166,228,950
Massachusetts,2003,512838,676402,4189790,34,134,287,9,57,82,29,22,3,92,258,414,1421
Michigan,2003,902553,1108787,6328980,54,191,385,14,70,125,51,38,5,146,356,550,1985
Minnesota,2003,442828,587599,3185052,30,121,220,8,38,46,24,20,3,73,169,231,983
Mississippi,2003,256982,349332,1720516,10,47,92,3,15,28,11,12,2,26,71,86,403
Missouri,2003,490972,642988,3583670,35,125,264,10,48,65,28,22,4,82,193,288,1164
Montana,2003,79960,106615,588167,8,24,44,1,7,9,5,4,0,16,36,47,201
Nebraska,2003,150669,208757,1065283,12,47,74,2,13,14,8,7,1,21,51,66,316
Nevada,2003,192336,228424,1437719,13,41,99,3,14,20,11,6,1,33,59,105,405
New Hampshire,2003,114731,134285,839848,7,28,50,2,13,16,7,5,1,21,53,85,288
New Jersey,2003,733853,816302,5595385,41,125,298,11,48,86,41,27,4,97,236,290,1304
New Mexico,2003,175489,218107,1142829,14,46,91,5,21,22,11,6,1,35,73,96,421
New York,2003,1571709,2047533,12344264,86,323,661,22,156,225,86,77,9,235,678,970,3528
North Carolina,2003,701982,889092,5275688,32,124,255,9,44,83,39,28,4,102,227,321,1268
North Dakota,2003,52643,82943,392000,5,23,28,1,5,4,3,3,0,8,24,21,125
Ohio,2003,983181,1251526,7227097,55,215,420,13,75,114,53,45,6,141,348,468,1953
Oklahoma,2003,296942,415680,2144532,20,72,120,5,27,27,15,13,2,48,107,126,582
Oregon,2003,297247,392447,2296726,19,72,155,5,26,35,17,11,2,54,134,205,735
Pennsylvania,2003,1034227,1315867,8027780,58,251,475,17,95,160,57,48,6,149,405,539,2260
Rhode Island,2003,87330,127440,690482,6,28,53,2,14,16,5,4,1,16,52,66,263
South Carolina,2003,356468,460716,2594007,19,81,183,7,30,46,20,18,2,50,118,172,746
South Dakota,2003,68362,93146,464319,7,23,35,1,5,5,4,4,0,11,23,26,144
Tennessee,2003,475614,636601,3743398,22,86,199,7,34,62,23,18,3,61,139,211,865
Texas,2003,2038642,2577160,12992311,113,405,774,50,158,216,102,75,11,272,559,664,3399
Utah,2003,229590,356134,1248593,11,41,64,3,18,18,9,10,1,24,67,56,322
Vermont,2003,53561,70579,408025,3,14,25,1,7,7,4,3,0,11,31,38,144
Virginia,2003,617003,757538,4614672,33,136,263,8,45,89,29,29,3,79,231,275,1220
Washington,2003,527419,676016,3890656,34,128,263,10,52,53,29,21,3,83,200,310,1186
West Virginia,2003,138269,195092,1205827,9,35,68,3,17,19,8,6,1,21,56,71,314
Wisconsin,2003,478926,633007,3459808,42,156,321,11,46,66,28,23,3,82,185,226,1189
Wyoming,2003,43883,60860,315000,3,13,23,1,5,4,3,2,0,6,18,21,99
Alabama,2004,380150,506120,2871062,21,64,161,6,31,43,17,14,3,48,124,156,688
Alaska,2004,68162,73462,373429,4,12,23,1,5,6,4,2,0,11,26,46,140
Arizona,2004,510698,643907,3549522,36,114,273,12,48,66,28,17,4,82,152,232,1064
Arkansas,2004,232095,310177,1729803,12,48,90,4,20,23,11,8,2,32,81,106,437
California,2004,3290671,3974135,21850567,200,665,1395,52,251,322,164,126,21,458,1102,1762,6518
Colorado,2004,392822,506705,2865042,29,105,214,7,44,54,24,14,3,65,165,237,961
Connecticut,2004,299013,344048,2265842,19,76,152,6,29,39,19,12,2,55,130,212,751
Delaware,2004,67454,92253,534950,3,17,28,1,7,9,4,3,1,10,28,37,148
District of Columbia,2004,34350,65197,364207,1,12,32,0,4,12,2,2,0,5,22,41,133
Florida,2004,1404055,1719548,11530104,81,291,802,25,139,223,73,49,10,203,506,766,3168
Georgia,2004,775954,990545,5412379,33,118,278,10,41,80,35,32,6,94,249,346,1322
Hawaii,2004,100585,123191,796942,5,22,43,2,7,11,5,4,1,14,36,62,212
Idaho,2004,127552,172734,841609,9,28,52,2,11,10,6,5,1,16,44,48,232
Illinois,2004,1099965,1406715,7910382,64,281,530,14,82,145,58,47,8,147,381,512,2269
Indiana,2004,549720,709599,3856681,33,130,241,8,53,58,29,21,4,73,196,224,1070
Iowa,2004,240059,353384,1883725,18,82,117,4,19,23,11,12,2,26,80,93,487
Kansas,2004,233656,327533,1673455,18,67,113,4,22,30,12,11,2,33,84,110,506
Kentucky,2004,336219,453022,2645240,20,64,149,5,31,47,17,13,3,44,110,184,687
Louisiana,2004,398611,545993,2712415,20,78,180,5,26,43,19,17,3,45,134,161,731
Maine,2004,108414,137266,884793,7,23,53,2,12,14,6,5,1,20,50,72,265
Maryland,2004,492847,571917,3512136,25,87,202,6,33,65,26,19,3,71,162,231,930
Massachusetts,2004,511301,676924,4186567,27,131,269,10,68,81,26,24,5,85,256,332,1314
Michigan,2004,907902,1111809,6354775,51,210,399,14,77,107,49,38,7,131,360,511,1954
Minnesota,2004,437674,597384,3220581,27,117,230,8,44,46,23,20,4,66,168,261,1014
Mississippi,2004,255659,348523,1747645,11,47,97,3,16,28,11,11,2,28,71,95,420
Missouri,2004,486907,653900,3636194,34,137,256,8,53,56,25,21,4,73,177,257,1101
Montana,2004,77617,108976,599979,7,28,43,1,9,8,5,4,1,14,39,54,213
Nebraska,2004,148189,210903,1077324,11,50,75,2,15,14,7,7,1,17,49,64,312
Nevada,2004,201110,239773,1493077,13,47,102,3,16,18,11,5,2,30,66,106,419
New Hampshire,2004,115243,136890,849273,7,29,50,2,12,11,6,5,1,17,50,73,263
New Jersey,2004,745809,832522,5605723,42,129,297,12,52,82,35,27,5,94,237,339,1351
New Mexico,2004,173285,224690,1167618,12,42,81,4,16,17,10,6,1,30,63,80,362
New York,2004,1584677,2050011,12371557,85,348,671,24,151,223,79,66,13,232,663,1022,3577
North Carolina,2004,715542,897851,5379787,38,132,316,9,51,82,33,26,8,96,244,357,1392
North Dakota,2004,50426,82738,398634,4,20,28,1,4,4,3,3,0,6,20,20,113
Ohio,2004,980119,1257858,7263612,53,227,410,12,70,108,49,39,7,135,343,483,1936
Oklahoma,2004,292067,418925,2171414,18,78,131,5,26,26,15,12,2,43,97,118,571
Oregon,2004,297935,396541,2331124,19,71,144,5,26,32,18,11,3,55,139,219,742
Pennsylvania,2004,1035623,1322980,8059411,58,252,478,16,101,139,55,42,8,146,409,586,2290
Rhode Island,2004,88122,125374,691117,5,25,45,2,12,14,5,4,1,17,53,63,246
South Carolina,2004,358954,464027,2642693,17,63,190,6,29,46,19,15,3,47,112,168,715
South Dakota,2004,66529,94332,472172,5,21,33,1,5,5,4,3,1,9,22,24,133
Tennessee,2004,477163,642419,3799709,23,95,210,7,40,63,25,18,4,65,166,274,990
Texas,2004,2052845,2628020,13267576,108,428,851,49,175,206,88,75,16,250,585,700,3531
Utah,2004,226903,358089,1304188,12,51,75,4,19,22,10,10,2,25,70,67,367
Vermont,2004,52660,70932,411991,3,16,27,1,7,7,3,2,0,9,29,40,144
Virginia,2004,622210,774068,4680347,31,141,276,9,55,83,29,25,5,76,218,260,1208
Washington,2004,527538,692546,3955836,30,130,268,8,59,56,25,22,4,69,207,314,1192
West Virginia,2004,136919,192780,1215454,9,35,64,3,20,21,6,6,1,19,58,73,315
Wisconsin,2004,472397,638835,3502106,38,154,277,9,44,52,27,23,4,75,191,238,1132
Wyoming,2004,42257,61866,321211,3,13,24,1,4,4,3,2,0,6,16,22,98
Alabama,2005,384026,504331,2899055,19,66,160,5,31,48,17,15,3,42,108,152,666
Alaska,2005,66349,74227,382565,4,13,24,1,5,7,3,2,0,10,25,40,134
Arizona,2005,522702,660913,3704157,30,110,256,11,54,69,27,18,4,74,159,206,1018
Arkansas,2005,233328,306500,1755313,15,55,112,4,21,25,12,9,2,33,80,119,487
California,2005,3293484,4085207,22046720,182,710,1539,55,270,328,155,114,20,436,1161,1736,6706
Colorado,2005,389561,513260,2938592,27,107,216,8,43,57,22,14,3,62,184,247,990
Connecticut,2005,299315,349035,2272942,18,80,152,6,31,43,17,12,2,49,131,211,752
Delaware,2005,69102,92344,541851,3,15,29,1,6,9,4,3,1,9,28,36,144
District of Columbia,2005,36509,71305,369695,1,14,32,0,5,19,2,3,0,5,26,41,148
Florida,2005,1405376,1765323,11819668,73,295,756,24,141,234,71,54,9,192,521,743,3113
Georgia,2005,800536,1007170,5604242,36,142,322,12,51,90,34,32,6,94,261,367,1447
Hawaii,2005,101214,124633,806534,5,22,48,1,6,11,4,4,1,14,36,56,208
Idaho,2005,130072,171005,869082,9,31,56,2,12,9,6,5,1,16,43,48,238
Illinois,2005,1100792,1422772,7966227,62,268,479,17,90,137,53,45,8,138,377,471,2145
Indiana,2005,546441,702749,3913195,28,136,233,9,50,56,28,20,4,65,186,229,1044
Iowa,2005,244036,348756,1887732,20,77,128,4,20,19,12,12,2,28,75,94,491
Kansas,2005,234307,324975,1685072,17,63,111,4,25,38,11,11,2,32,92,120,526
Kentucky,2005,339347,443407,2675718,20,65,133,5,30,38,16,14,2,41,109,153,626
Louisiana,2005,385359,523857,2663520,17,73,165,4,27,43,19,15,3,46,127,170,709
Maine,2005,107149,133984,891125,6,24,53,2,10,12,6,5,1,19,54,80,272
Maryland,2005,488407,582701,3545971,25,97,198,7,33,56,23,19,3,60,162,202,885
Massachusetts,2005,510948,693784,4187314,28,134,276,9,69,108,27,24,5,83,264,356,1383
Michigan,2005,901407,1105696,6379828,47,227,423,14,73,94,46,38,7,124,359,516,1968
Minnesota,2005,437254,593399,3249410,29,125,241,8,41,49,22,18,3,58,167,252,1013
Mississippi,2005,257913,339363,1758458,11,48,94,3,15,27,11,10,2,27,72,99,419
Missouri,2005,490572,648988,3671275,31,146,246,8,45,53,22,20,4,64,163,255,1057
Montana,2005,77917,107581,605606,8,29,49,1,9,10,4,4,1,13,40,59,227
Nebraska,2005,148761,210037,1083695,11,50,81,2,16,16,7,7,1,17,53,65,326
Nevada,2005,206623,246089,1551580,13,44,108,4,16,21,11,6,2,30,68,117,440
New Hampshire,2005,113655,136775,860562,7,30,53,2,13,12,6,5,1,16,52,69,266
New Jersey,2005,741478,844005,5639515,40,132,289,12,54,86,38,26,6,99,243,352,1377
New Mexico,2005,173970,226724,1183171,11,39,79,3,16,17,9,6,1,27,63,75,346
New York,2005,1587906,2106543,12383739,84,352,689,24,155,273,79,64,12,232,673,1048,3685
North Carolina,2005,723206,900033,5515308,35,130,303,10,63,94,33,26,7,93,247,369,1410
North Dakota,2005,50524,84579,394935,4,19,27,1,4,3,2,3,0,5,18,17,103
Ohio,2005,977997,1249533,7288639,52,237,450,15,83,129,50,40,7,133,353,522,2071
Oklahoma,2005,295821,415188,2187319,15,69,130,5,23,28,14,12,2,38,89,125,550
Oregon,2005,297574,395092,2383671,19,64,128,6,23,28,17,12,3,53,131,225,709
Pennsylvania,2005,1029986,1325571,8088579,53,235,434,15,89,128,53,44,7,142,395,579,2174
Rhode Island,2005,87162,125832,687555,5,24,48,2,12,18,5,4,1,15,51,69,254
South Carolina,2005,361860,461761,2698757,16,69,169,4,27,46,18,15,3,43,113,152,675
South Dakota,2005,66214,92864,477378,5,22,37,1,5,5,3,3,0,8,22,25,136
Tennessee,2005,486247,634563,3851545,24,105,209,7,49,80,24,19,4,64,181,283,1049
Texas,2005,2083455,2674678,13620520,104,429,926,43,187,222,94,72,14,242,595,705,3633
Utah,2005,233270,364626,1353274,12,55,77,4,21,21,10,10,2,24,69,66,371
Vermont,2005,51757,70705,414171,3,17,27,1,7,8,3,3,0,9,30,45,153
Virginia,2005,621149,782661,4767472,31,136,275,9,60,79,31,23,5,83,211,264,1207
Washington,2005,532240,686791,4037966,31,120,257,10,60,61,26,23,4,78,224,342,1236
West Virginia,2005,136941,188109,1219878,7,32,60,3,18,20,6,5,1,19,54,70,295
Wisconsin,2005,469879,631978,3530390,29,140,230,8,37,39,24,23,4,61,187,226,1008
Wyoming,2005,42307,60899,324179,3,13,23,1,5,4,2,2,0,6,18,23,100
Alabama,2006,386639,500168,2919719,19,65,156,5,25,45,18,15,2,43,96,163,652
Alaska,2006,64383,74321,395433,4,13,24,1,6,8,3,2,0,10,25,40,136
Arizona,2006,531706,667551,3852843,26,104,241,13,56,90,26,21,2,66,171,229,1045
Arkansas,2006,234358,298001,1778618,17,56,117,3,20,27,11,9,1,30,79,124,494
California,2006,3251070,4216574,22275311,186,717,1526,56,281,389,150,133,14,424,1180,1726,6782
Colorado,2006,387286,516885,3028921,28,115,229,8,45,70,23,17,2,63,180,263,1043
Connecticut,2006,296415,352612,2273192,21,76,149,5,26,39,17,13,1,42,126,165,680
Delaware,2006,70333,91979,547985,3,14,30,1,6,11,3,3,0,9,30,41,151
District of Columbia,2006,37965,82030,377906,1,16,32,0,5,20,2,3,0,5,31,42,157
Florida,2006,1389340,1778827,12041147,69,281,720,23,124,202,68,56,7,175,491,760,2976
Georgia,2006,822659,1001876,5761385,35,141,332,12,58,124,36,34,4,96,247,408,1527
Hawaii,2006,99465,126140,819708,6,24,61,1,7,12,5,4,0,14,35,47,216
Idaho,2006,132866,165315,893079,9,30,55,2,10,9,6,4,1,15,40,47,228
Illinois,2006,1094265,1433731,8011425,64,269,535,16,90,145,52,46,5,126,388,499,2235
Indiana,2006,539431,689525,3967335,27,119,233,8,44,61,29,25,3,67,192,254,1062
Iowa,2006,248086,343994,1882850,18,70,140,4,20,21,13,12,1,27,68,85,479
Kansas,2006,235408,322138,1693284,16,65,111,4,22,25,11,11,1,29,89,99,483
Kentucky,2006,341772,430183,2710811,17,65,136,5,30,38,19,15,2,47,117,184,675
Louisiana,2006,372138,505392,2604053,17,74,167,4,31,53,19,15,2,45,123,182,732
Maine,2006,105652,127761,894906,6,25,54,2,10,14,6,5,0,17,51,74,264
Maryland,2006,478466,589416,3571216,25,110,226,6,34,69,24,22,3,60,180,211,970
Massachusetts,2006,510890,716472,4200845,30,147,306,8,59,96,29,27,3,83,275,375,1438
Michigan,2006,888059,1095038,6401469,50,209,426,10,68,93,45,39,4,121,359,517,1941
Minnesota,2006,436903,582894,3276237,31,130,245,8,35,54,22,19,2,56,180,248,1030
Mississippi,2006,259663,330771,1756337,10,47,92,2,12,24,11,10,1,24,67,91,391
Missouri,2006,494026,633170,3701021,29,121,237,8,38,59,24,21,2,62,157,266,1024
Montana,2006,79003,105557,611324,6,25,45,1,9,9,4,3,0,13,38,49,202
Nebraska,2006,149456,209102,1085658,10,43,76,2,12,14,7,7,1,16,52,58,298
Nevada,2006,211067,243884,1609285,13,43,109,4,16,27,9,6,1,29,61,120,438
New Hampshire,2006,111310,134161,868239,7,30,57,2,12,15,6,5,1,18,55,81,289
New Jersey,2006,727090,852072,5662105,38,136,301,10,48,80,36,26,3,89,231,344,1342
New Mexico,2006,172181,226537,1198968,11,41,76,4,17,23,9,6,1,28,71,82,369
New York,2006,1579916,2179143,12397704,74,342,663,21,154,274,80,74,8,220,690,986,3586
North Carolina,2006,728599,907260,5664014,31,140,302,9,62,106,36,27,4,86,234,355,1392
North Dakota,2006,50947,88579,388842,4,20,29,1,4,4,2,3,0,6,20,19,112
Ohio,2006,971766,1226839,7315244,55,233,484,14,90,135,55,43,5,139,363,516,2132
Oklahoma,2006,299621,410759,2202862,14,66,123,4,22,28,14,12,1,35,85,129,533
Oregon,2006,297325,387123,2436662,16,61,134,6,26,42,17,14,2,48,131,231,728
Pennsylvania,2006,1018244,1324878,8099649,50,234,422,14,80,120,52,48,5,136,378,501,2040
Rhode Island,2006,85339,127016,683457,5,24,48,2,12,22,5,5,0,16,56,73,268
South Carolina,2006,362886,457237,2759373,18,76,179,4,26,43,17,14,2,41,111,160,691
South Dakota,2006,66722,91328,484977,5,21,36,1,5,6,3,3,0,8,23,25,136
Tennessee,2006,496587,620435,3921118,27,112,238,7,52,80,24,19,3,62,165,276,1065
Texas,2006,2105817,2699382,13969152,105,398,856,43,156,233,95,70,10,236,554,693,3449
Utah,2006,243193,370864,1398474,11,47,74,3,22,20,9,9,1,21,63,58,338
Vermont,2006,50946,68687,415768,3,15,27,1,7,8,3,3,0,9,31,44,151
Virginia,2006,617354,798995,4833297,30,142,288,9,64,92,30,26,3,82,236,318,1320
Washington,2006,534929,672222,4127451,30,116,260,10,52,75,26,23,3,76,212,343,1226
West Virginia,2006,136317,181656,1221268,6,30,60,2,15,19,6,6,1,17,48,72,282
Wisconsin,2006,467728,619449,3562535,30,144,260,8,42,59,25,21,3,63,193,236,1084
Wyoming,2006,42925,59433,327096,3,13,25,1,5,5,2,2,0,7,18,23,104
Alabama,2007,383012,499641,2945019,17,65,158,4,20,36,16,15,2,42,103,163,641
Alaska,2007,62685,75733,402686,3,13,25,1,6,10,3,2,0,9,25,46,143
Arizona,2007,537098,672122,3970487,32,118,259,11,53,96,25,22,3,73,188,275,1155
Arkansas,2007,232677,293615,1798383,12,48,101,3,16,29,10,9,1,27,81,140,477
California,2007,3209102,4257978,22463775,179,714,1389,51,261,367,157,170,19,425,1254,1782,6768
Colorado,2007,387018,520149,3099040,27,117,222,8,54,84,22,18,2,64,185,299,1102
Connecticut,2007,292219,356482,2270009,18,69,152,5,23,39,17,12,2,40,123,169,669
Delaware,2007,69899,92374,555898,3,16,33,1,6,12,3,3,0,10,32,43,162
District of Columbia,2007,37001,84647,382077,1,16,31,0,5,16,2,3,0,5,31,43,153
Florida,2007,1368710,1777472,12159193,66,273,764,20,99,186,64,58,7,169,463,849,3018
Georgia,2007,824664,999107,5874242,32,137,325,9,49,102,37,34,5,100,248,440,1518
Hawaii,2007,95794,128777,828347,5,23,59,1,7,14,5,4,0,13,38,59,228
Idaho,2007,132932,163520,913888,8,28,51,2,9,8,6,5,1,17,41,55,231
Illinois,2007,1082534,1442935,8046718,56,269,547,13,74,133,52,50,5,127,376,533,2235
Indiana,2007,535015,677663,4001008,28,111,222,7,43,64,27,26,3,71,186,279,1067
Iowa,2007,244378,340717,1894591,15,63,127,3,14,13,11,11,1,24,61,70,413
Kansas,2007,232244,321431,1708875,14,65,108,3,19,18,11,11,1,27,81,95,453
Kentucky,2007,339631,425520,2745161,14,57,129,4,25,35,19,14,2,43,109,191,642
Louisiana,2007,370852,513946,2648484,15,74,163,4,26,63,17,17,2,40,118,162,701
Maine,2007,102760,125395,897986,5,23,50,1,10,16,6,5,1,16,46,75,254
Maryland,2007,469557,598009,3582541,22,104,234,5,29,63,26,25,3,61,176,258,1006
Massachusetts,2007,506225,733229,4219456,27,142,278,7,47,64,30,28,3,78,261,329,1294
Michigan,2007,869168,1086307,6405116,47,191,406,10,68,101,43,41,5,118,349,497,1876
Minnesota,2007,429517,576248,3308617,29,135,267,7,37,57,19,20,2,53,191,245,1062
Mississippi,2007,256834,329777,1764673,10,47,91,2,10,18,11,11,1,23,63,84,371
Missouri,2007,488564,623849,3738674,28,115,232,6,37,54,23,20,2,60,159,242,978
Montana,2007,78003,105436,621245,5,25,44,1,8,9,4,4,0,13,37,50,200
Nebraska,2007,147219,208669,1092664,9,40,74,2,10,10,7,7,1,17,50,61,288
Nevada,2007,213693,241972,1646368,13,42,111,5,17,31,10,7,2,32,67,128,465
New Hampshire,2007,109279,132548,872225,6,27,53,2,10,13,6,6,1,19,55,87,285
New Jersey,2007,715118,858459,5652902,32,144,313,9,44,72,30,27,4,75,230,299,1279
New Mexico,2007,167079,226011,1217991,10,43,75,3,14,15,9,7,1,26,64,76,343
New York,2007,1559314,2218415,12500501,74,377,702,20,143,261,78,76,9,222,717,940,3619
North Carolina,2007,730031,926614,5782173,31,151,328,8,57,128,41,32,5,97,252,407,1537
North Dakota,2007,49767,89213,391328,3,20,26,1,4,3,2,3,0,5,22,19,108
Ohio,2007,956958,1210200,7350420,53,219,483,12,71,97,51,42,6,132,348,494,2008
Oklahoma,2007,295908,408764,2229744,14,69,122,4,19,22,14,13,1,34,84,129,525
Oregon,2007,295639,383360,2477185,17,69,161,5,34,63,17,16,2,49,142,253,828
Pennsylvania,2007,998611,1325852,8116495,48,235,444,14,81,134,48,45,5,123,357,472,2006
Rhode Island,2007,83372,126249,680188,4,23,42,1,13,23,5,5,1,15,56,70,258
South Carolina,2007,359862,460337,2817192,16,73,180,4,26,54,16,14,2,41,109,163,698
South Dakota,2007,66089,90910,494494,4,20,34,1,4,4,3,3,0,7,23,24,127
Tennessee,2007,496878,616545,3996018,22,98,223,6,42,76,22,18,3,59,161,296,1026
Texas,2007,2107904,2702238,14256754,103,402,810,35,138,210,91,78,10,232,545,698,3352
Utah,2007,248473,374336,1458451,10,48,77,3,20,15,10,9,1,24,63,58,338
Vermont,2007,49626,68089,417049,3,13,24,1,7,8,3,3,0,9,30,44,145
Virginia,2007,612162,820128,4873378,32,156,302,8,49,79,30,30,4,81,226,316,1313
Washington,2007,528584,673412,4199736,29,124,278,8,46,71,25,23,3,75,207,376,1265
West Virginia,2007,134149,177189,1224679,6,29,63,2,14,23,6,5,1,17,43,74,283
Wisconsin,2007,460365,613671,3601989,30,135,248,7,46,84,25,22,3,63,191,248,1102
Wyoming,2007,42535,59260,332809,3,12,24,1,4,3,2,2,0,6,16,20,93
Alabama,2008,379377,505718,2974610,16,70,162,3,17,33,16,17,2,38,114,175,663
Alaska,2008,60678,77131,409778,3,13,28,1,6,10,3,2,0,10,27,52,155
Arizona,2008,538865,686141,4050064,29,125,253,7,47,68,27,21,3,77,202,295,1154
Arkansas,2008,231516,295741,1818264,11,46,101,2,10,21,10,10,1,29,82,143,466
California,2008,3147890,4329856,22568441,166,709,1492,44,241,352,182,171,19,476,1392,2010,7254
Colorado,2008,384709,527605,3153539,24,111,230,5,47,81,24,20,2,71,204,340,1159
Connecticut,2008,287870,363648,2276860,17,72,164,4,23,34,18,15,2,46,135,188,718
Delaware,2008,68911,93807,564013,3,18,36,1,6,11,4,4,0,11,34,41,169
District of Columbia,2008,35726,86607,385608,1,15,31,0,4,14,2,3,0,5,29,39,143
Florida,2008,1348640,1804515,12261205,58,263,745,14,85,179,65,63,7,175,480,905,3039
Georgia,2008,822696,1013813,5963681,28,152,341,7,40,71,37,38,5,104,270,486,1579
Hawaii,2008,93198,131005,828273,5,21,53,1,6,12,4,4,0,13,41,72,232
Idaho,2008,132962,164370,930335,7,27,54,2,7,7,7,6,1,18,47,67,250
Illinois,2008,1065750,1461607,8068047,46,257,500,11,68,124,52,55,5,142,408,566,2234
Indiana,2008,529845,679069,4034745,27,115,225,6,34,47,27,26,2,68,185,286,1048
Iowa,2008,240105,339894,1905387,16,67,132,3,12,13,12,12,1,28,70,93,459
Kansas,2008,229136,321796,1723761,13,62,108,3,16,16,12,12,1,28,82,103,456
Kentucky,2008,336896,428585,2771834,13,61,137,3,19,26,17,14,2,37,106,169,604
Louisiana,2008,370950,523818,2716104,13,78,162,3,25,56,15,17,2,36,122,150,679
Maine,2008,99629,125205,902774,4,22,50,1,10,15,5,5,1,14,50,89,266
Maryland,2008,459954,611079,3612130,17,93,220,4,25,45,22,26,2,63,185,252,954
Massachusetts,2008,498720,758227,4263188,24,144,242,6,54,75,29,30,3,82,305,418,1412
Michigan,2008,842712,1086902,6402870,41,183,412,9,62,95,44,46,4,120,351,545,1912
Minnesota,2008,421196,574322,3344152,24,121,254,5,29,43,19,22,2,48,172,232,971
Mississippi,2008,252527,331040,1778519,9,44,96,2,10,20,10,11,1,25,67,94,389
Missouri,2008,482442,626322,3786858,25,110,238,5,36,58,22,22,2,56,170,251,995
Montana,2008,76196,105444,629651,6,26,47,1,8,10,4,4,0,12,37,51,206
Nebraska,2008,144863,208854,1100620,8,40,76,2,10,12,7,8,1,16,51,67,298
Nevada,2008,214026,246764,1668924,12,41,109,3,17,30,12,8,2,35,72,129,470
New Hampshire,2008,106508,133724,880070,5,26,53,1,12,17,6,6,1,18,56,93,294
New Jersey,2008,702953,871610,5658877,26,138,314,7,43,75,34,36,4,82,262,321,1342
New Mexico,2008,163513,227941,1230799,11,43,87,2,15,18,10,7,1,28,67,84,373
New York,2008,1535172,2262614,12574826,82,410,799,17,165,254,81,81,9,228,823,1048,3997
North Carolina,2008,727969,947518,5878891,25,139,310,7,46,105,41,34,5,98,269,423,1502
North Dakota,2008,48559,88745,395073,3,18,24,1,3,3,2,3,0,5,20,19,101
Ohio,2008,939669,1213022,7401492,49,216,463,10,55,77,46,46,6,122,358,483,1931
Oklahoma,2008,293240,409494,2253581,15,69,140,3,19,22,14,13,1,37,103,161,597
Oregon,2008,292301,386957,2507377,18,72,181,4,31,49,18,15,2,54,144,261,849
Pennsylvania,2008,980441,1342616,8192882,41,229,455,11,79,149,48,51,5,126,386,543,2123
Rhode Island,2008,81128,127468,679594,4,23,46,1,12,22,5,5,1,13,50,64,246
South Carolina,2008,356186,469765,2872669,14,76,202,3,23,75,16,16,2,42,120,184,773
South Dakota,2008,64983,90798,500732,4,21,38,1,4,4,3,3,0,8,23,28,137
Tennessee,2008,494043,622376,4049989,16,88,215,5,27,50,20,20,3,52,164,281,941
Texas,2008,2113980,2737418,14523007,98,404,850,25,139,203,99,92,10,238,603,769,3530
Utah,2008,252460,376060,1500232,8,47,74,3,16,12,11,11,1,25,67,62,337
Vermont,2008,47705,68523,419240,2,14,26,1,7,9,3,3,0,8,31,46,150
Virginia,2008,604833,835958,4928699,31,163,319,6,41,64,32,36,4,83,226,311,1316
Washington,2008,522369,685351,4262578,25,111,251,6,43,65,25,26,3,80,234,387,1256
West Virginia,2008,132189,176668,1229556,6,27,67,1,14,24,7,5,1,16,47,85,300
Wisconsin,2008,450304,615402,3632151,24,121,234,5,45,77,24,23,2,62,192,248,1057
Wyoming,2008,42168,60175,339021,3,12,23,0,3,3,2,2,0,6,16,21,91
Alabama,2009,375942,515510,2993410,16,71,178,3,13,24,16,17,2,41,118,191,690
Alaska,2009,58753,81679,414553,3,13,28,1,5,8,3,3,0,9,30,58,161
Arizona,2009,538672,698979,4111148,26,119,269,6,39,59,28,24,4,81,194,328,1177
Arkansas,2009,231881,301928,1833369,11,43,102,2,9,16,10,10,1,28,72,123,427
California,2009,3101979,4325900,22773074,167,689,1566,40,244,352,185,164,29,493,1422,2234,7585
Colorado,2009,381533,549726,3192744,22,110,227,4,46,75,28,22,3,73,225,400,1235
Connecticut,2009,283906,375156,2285109,14,70,148,3,19,28,17,18,2,48,146,213,726
Delaware,2009,67805,94200,572665,3,16,34,1,5,8,4,4,0,11,34,46,166
District of Columbia,2009,34683,86622,392811,1,15,33,0,4,12,2,4,0,6,30,47,154
Florida,2009,1336737,1850052,12361513,59,255,739,12,93,182,68,66,12,189,530,952,3157
Georgia,2009,820145,1050786,6022823,30,148,320,6,36,69,42,37,5,109,276,439,1517
Hawaii,2009,91104,131160,827725,5,22,53,1,6,10,4,5,1,13,41,68,229
Idaho,2009,131965,171302,939631,7,28,58,1,6,6,7,7,1,18,51,83,273
Illinois,2009,1053276,1460312,8097288,43,247,475,9,65,109,52,58,6,141,455,599,2259
Indiana,2009,525525,701086,4047093,23,112,245,5,24,33,27,26,3,65,198,274,1035
Iowa,2009,236022,350071,1908202,13,69,124,3,11,12,13,14,1,31,86,105,482
Kansas,2009,226545,330970,1730522,12,59,110,2,15,19,12,12,2,29,89,105,466
Kentucky,2009,334420,446645,2781361,14,63,143,4,17,25,16,16,2,37,102,149,588
Louisiana,2009,367519,527254,2756163,12,75,154,3,19,38,15,17,2,39,127,153,654
Maine,2009,96374,128182,903556,4,21,47,1,9,13,5,5,1,15,54,97,272
Maryland,2009,452038,616208,3653639,15,85,202,4,26,54,22,25,2,62,191,224,912
Massachusetts,2009,494016,766014,4324616,25,152,286,5,62,99,32,29,4,86,339,509,1628
Michigan,2009,822105,1097830,6398696,37,173,430,7,50,81,43,48,4,118,358,610,1959
Minnesota,2009,413410,583280,3372460,20,102,219,4,21,30,20,23,3,49,175,240,906
Mississippi,2009,248816,336097,1784646,9,45,99,2,11,25,10,11,1,27,73,102,415
Missouri,2009,476436,643637,3819620,22,95,210,4,29,50,24,21,3,58,178,269,963
Montana,2009,73735,110260,633252,5,25,45,1,6,8,5,6,1,12,41,66,221
Nebraska,2009,142549,214428,1106278,7,39,67,1,8,11,6,8,1,15,56,68,287
Nevada,2009,212438,257198,1680228,11,47,123,2,17,33,11,8,2,32,72,138,496
New Hampshire,2009,103281,140176,883622,5,26,53,1,12,18,6,6,1,19,59,95,301
New Jersey,2009,695052,873788,5686972,27,127,310,6,52,102,38,38,5,95,278,398,1476
New Mexico,2009,161555,228756,1244885,9,37,79,2,15,22,10,8,2,29,73,102,388
New York,2009,1509858,2236966,12648267,75,371,758,15,144,211,76,85,11,216,773,1142,3877
North Carolina,2009,723670,986404,5935653,26,136,317,6,43,90,36,34,4,90,299,427,1508
North Dakota,2009,47211,92922,397148,2,18,25,0,2,2,2,3,0,5,21,19,99
Ohio,2009,924820,1214036,7442306,43,205,457,9,50,83,47,47,6,121,372,499,1939
Oklahoma,2009,292084,419077,2272080,14,68,147,3,17,21,15,13,2,41,117,173,631
Oregon,2009,288096,401242,2525156,15,66,175,4,25,34,17,15,2,56,156,294,859
Pennsylvania,2009,962444,1360835,8272159,40,226,459,8,70,128,50,58,6,131,428,603,2207
Rhode Island,2009,79655,129145,684072,4,23,51,1,10,15,5,5,1,14,55,75,259
South Carolina,2009,352096,480982,2912325,14,70,218,2,20,57,17,18,2,43,138,213,812
South Dakota,2009,63682,93602,505557,4,19,38,1,3,4,3,4,0,7,24,27,134
Tennessee,2009,491069,646257,4079971,18,90,225,4,19,40,20,23,3,54,168,274,938
Texas,2009,2125058,2813275,14745138,97,415,849,24,132,191,104,104,14,263,671,875,3739
Utah,2009,254680,379390,1528461,10,44,70,3,13,13,12,11,2,24,70,57,329
Vermont,2009,45631,72557,419057,2,14,26,1,7,9,3,3,0,8,34,50,157
Virginia,2009,598313,865844,4976551,30,163,330,5,43,70,30,36,4,78,254,334,1377
Washington,2009,516464,706882,4324124,22,107,226,5,45,67,26,27,4,79,272,424,1304
West Virginia,2009,130503,183731,1227612,6,26,62,1,11,17,7,6,1,16,50,92,295
Wisconsin,2009,440921,634912,3641561,20,107,228,4,38,53,25,22,3,61,188,246,995
Wyoming,2009,41288,62918,342522,2,11,21,0,3,3,2,3,0,6,16,20,87
Alabama,2010,386718,535455,3052348,14,64,128,3,13,32,16,18,2,43,120,183,636
Alaska,2010,61192,77636,424976,3,13,30,1,4,5,4,3,1,11,29,58,162
Arizona,2010,535234,700156,4014024,25,116,271,5,34,55,30,27,4,85,190,368,1210
Arkansas,2010,234810,316170,1851278,9,37,80,2,9,16,11,10,1,26,74,120,395
California,2010,3195149,4379387,23321879,172,705,1432,42,243,292,197,191,36,545,1429,2345,7629
Colorado,2010,395318,548890,3212230,18,105,225,5,47,46,28,20,3,77,219,389,1182
Connecticut,2010,293487,364200,2350212,13,61,147,3,23,31,16,15,2,49,134,201,695
Delaware,2010,69567,99853,583371,3,14,28,1,5,7,4,4,1,12,36,49,164
District of Columbia,2010,31644,98663,399778,1,17,41,0,4,11,2,5,1,6,38,54,180
Florida,2010,1383191,1933760,12708633,55,257,616,12,101,146,68,75,13,190,599,947,3079
Georgia,2010,821577,1066108,5997840,31,134,266,5,27,66,44,34,5,102,259,360,1333
Hawaii,2010,99395,134011,878476,5,23,55,1,5,10,5,5,1,15,38,72,235
Idaho,2010,137928,172570,956472,6,27,57,1,5,8,7,6,1,20,43,85,266
Illinois,2010,1069760,1393734,8165781,41,229,465,10,65,114,54,52,9,139,449,609,2236
Indiana,2010,540996,726313,4081667,19,111,233,4,22,36,27,28,3,61,206,292,1042
Iowa,2010,241547,344598,1944254,10,64,130,2,12,15,12,14,1,32,99,121,512
Kansas,2010,235977,319632,1761207,10,51,101,2,13,20,13,11,1,32,83,111,448
Kentucky,2010,340083,456240,2789768,12,51,111,3,16,29,17,14,2,40,108,168,571
Louisiana,2010,368184,525362,2810803,12,72,146,2,16,34,17,18,3,39,119,152,630
Maine,2010,98025,129424,913496,3,19,43,1,8,11,5,5,1,15,48,92,251
Maryland,2010,464119,622291,3742499,15,76,156,3,24,45,25,21,4,63,198,209,839
Massachusetts,2010,498579,763633,4320664,24,146,310,5,47,61,33,34,6,91,328,447,1532
Michigan,2010,826549,1088897,6365041,33,161,388,7,44,76,44,46,6,118,364,611,1898
Minnesota,2010,426996,571065,3419350,18,99,219,3,22,32,23,20,3,58,182,235,914
Mississippi,2010,249977,333665,1819793,9,40,81,2,7,21,11,10,1,29,77,121,409
Missouri,2010,478541,653980,3823426,20,90,170,4,25,41,25,20,3,63,183,256,900
Montana,2010,74688,106003,651403,4,21,45,1,5,6,6,5,1,15,41,79,229
Nebraska,2010,146828,205186,1143103,5,32,57,1,8,11,7,7,1,16,50,65,260
Nevada,2010,219015,279716,1733566,11,50,138,2,15,22,13,12,2,36,83,177,561
New Hampshire,2010,104712,137371,883019,5,22,47,1,10,10,7,6,1,20,57,80,266
New Jersey,2010,717188,866637,5785457,33,126,323,6,51,83,41,36,7,104,278,391,1479
New Mexico,2010,170679,225076,1293249,7,37,75,2,14,20,11,8,1,32,72,122,401
New York,2010,1497645,2236959,12651349,62,318,716,12,112,184,77,87,16,207,713,1111,3615
North Carolina,2010,752637,1007676,6102077,29,125,266,7,41,77,41,39,4,106,323,423,1481
North Dakota,2010,49024,89035,423460,2,18,29,0,2,3,2,3,0,6,21,22,108
Ohio,2010,938484,1227142,7436917,36,188,461,8,48,83,48,47,7,124,382,582,2014
Oklahoma,2010,301684,420490,2336963,11,61,152,3,15,24,15,13,2,39,97,173,605
Oregon,2010,291949,408353,2544311,12,69,179,4,28,34,16,15,2,54,161,323,897
Pennsylvania,2010,977609,1402639,8359212,40,213,508,8,66,104,49,59,7,125,439,602,2220
Rhode Island,2010,79365,132016,682132,3,25,54,1,9,11,5,6,1,15,60,89,279
South Carolina,2010,356898,510126,2966560,14,66,159,2,15,40,20,18,2,49,141,216,742
South Dakota,2010,64595,90572,509409,3,16,39,1,2,4,3,3,0,8,20,28,127
Tennessee,2010,502882,675875,4110667,18,92,212,4,22,46,23,23,3,58,169,261,931
Texas,2010,2243713,2871691,15188973,85,417,815,26,122,156,108,110,13,273,697,890,3712
Utah,2010,262463,362693,1532125,10,39,52,2,14,17,12,11,1,26,62,67,313
Vermont,2010,46814,72220,420783,2,13,24,1,6,5,3,2,0,10,34,54,154
Virginia,2010,620009,874464,5117877,26,139,279,5,37,52,32,35,5,81,257,321,1269
Washington,2010,531313,729323,4373484,24,122,259,5,42,55,30,27,5,92,277,486,1424
West Virginia,2010,131816,188497,1252067,5,27,54,1,9,14,7,7,1,18,56,87,286
Wisconsin,2010,455693,617748,3678180,17,92,229,4,30,37,22,20,3,58,175,243,930
Wyoming,2010,42751,62674,358902,2,11,22,0,3,3,2,2,0,6,16,23,90
Alabama,2011,385060,536921,3073532,13,62,125,3,14,31,18,18,2,42,126,193,647
Alaska,2011,60614,80497,432040,2,13,33,1,4,5,3,3,1,10,31,69,175
Arizona,2011,537268,709377,4077362,20,101,249,5,40,62,28,26,5,77,207,343,1163
Arkansas,2011,235330,317333,1864363,7,38,82,2,10,20,11,11,1,29,80,119,410
California,2011,3156459,4427350,23658234,133,685,1401,34,256,305,183,203,32,509,1483,2387,7611
Colorado,2011,397449,556502,3270160,15,100,225,4,49,49,24,21,4,70,219,397,1177
Connecticut,2011,290956,369988,2363818,11,60,160,2,25,31,16,16,3,47,144,221,736
Delaware,2011,69055,101269,590737,2,16,34,1,5,9,4,4,1,12,39,56,183
District of Columbia,2011,31373,96533,411604,1,17,45,0,5,11,2,5,1,5,41,60,193
Florida,2011,1381693,1959129,12916437,42,258,655,9,104,165,69,73,13,179,614,1006,3187
Georgia,2011,824731,1085263,6074730,25,127,270,5,36,84,42,38,6,103,283,391,1410
Hawaii,2011,97800,138119,887821,4,24,53,1,6,12,5,5,1,16,44,90,261
Idaho,2011,139014,173198,969335,5,25,56,1,6,9,7,6,1,18,42,63,239
Illinois,2011,1057464,1393927,8215103,37,214,516,8,58,125,53,54,9,134,451,631,2290
Indiana,2011,540292,729904,4108332,19,113,236,4,25,38,27,28,4,64,214,302,1074
Iowa,2011,241228,346249,1956812,8,56,123,2,11,16,13,14,2,30,101,131,507
Kansas,2011,236049,321178,1772671,8,42,93,2,12,18,12,13,2,27,77,91,397
Kentucky,2011,339685,459703,2803041,11,55,126,3,17,31,17,13,2,40,122,179,616
Louisiana,2011,367339,524049,2841017,12,73,162,2,18,40,15,19,3,39,129,198,710
Maine,2011,96430,129601,918180,3,20,50,1,7,12,5,5,1,15,47,101,267
Maryland,2011,459636,628350,3789736,15,84,198,3,22,41,25,23,5,64,209,239,928
Massachusetts,2011,494412,768767,4368462,20,125,300,5,42,57,31,40,6,88,311,468,1493
Michigan,2011,814217,1098296,6392662,31,153,398,6,39,67,45,46,6,122,378,652,1943
Minnesota,2011,424745,570686,3457060,16,94,218,3,21,36,22,21,4,58,193,276,962
Mississippi,2011,248417,335677,1830270,8,38,80,2,8,23,11,11,2,28,83,113,407
Missouri,2011,475157,654561,3846810,17,89,202,3,22,37,25,24,4,63,187,261,934
Montana,2011,74042,107193,657558,4,20,45,1,6,6,5,5,1,14,41,80,228
Nebraska,2011,147027,205521,1153600,6,33,69,1,9,12,7,8,1,18,53,68,285
Nevada,2011,219786,282581,1757473,9,47,141,2,12,17,13,12,2,37,90,199,581
New Hampshire,2011,102838,138951,888797,4,24,49,1,10,11,7,7,1,18,59,88,279
New Jersey,2011,710612,876279,5826415,28,139,331,5,47,86,39,37,7,94,296,380,1489
New Mexico,2011,169342,226502,1303353,8,35,82,2,13,20,11,8,1,33,75,138,426
New York,2011,1474700,2242476,12760358,53,292,735,11,126,211,74,91,18,204,782,1239,3836
North Carolina,2011,757390,1024771,6176978,24,118,245,6,44,75,39,35,5,104,316,405,1416
North Dakota,2011,48873,91747,430829,2,18,30,0,3,4,2,3,0,6,25,25,118
Ohio,2011,929629,1230773,7466946,31,175,453,6,46,95,52,49,7,131,393,697,2135
Oklahoma,2011,304074,423379,2358834,11,63,178,2,14,23,15,14,2,38,108,176,644
Oregon,2011,291972,409608,2575672,10,66,171,3,28,33,15,18,3,49,155,368,919
Pennsylvania,2011,964004,1405623,8405726,38,201,468,6,58,123,46,61,8,124,449,624,2206
Rhode Island,2011,77839,132549,684237,3,25,51,1,9,14,5,6,1,16,61,98,290
South Carolina,2011,357301,513846,3005444,13,68,154,2,19,45,20,17,3,49,158,240,788
South Dakota,2011,64463,91190,516437,3,16,40,0,3,4,3,3,0,8,24,36,140
Tennessee,2011,504106,683640,4150263,17,84,209,4,24,46,25,22,4,56,170,250,911
Texas,2011,2265694,2919940,15484139,80,414,852,25,123,139,108,114,14,279,720,930,3798
Utah,2011,268417,363323,1563689,7,39,59,2,15,20,11,10,1,27,68,74,333
Vermont,2011,45855,72804,422511,2,12,22,0,5,6,3,2,0,10,34,60,156
Virginia,2011,618558,885563,5187508,19,123,260,4,32,50,33,36,5,85,269,336,1252
Washington,2011,528978,735790,4437371,22,122,296,4,36,51,29,29,5,87,267,524,1472
West Virginia,2011,131265,189182,1253581,5,28,58,1,9,14,8,7,1,17,56,84,288
Wisconsin,2011,451821,617016,3706797,16,91,234,3,24,36,22,22,4,56,181,258,947
Wyoming,2011,42890,63165,364101,2,11,23,0,3,3,2,2,0,6,17,28,97
Alabama,2012,383469,536933,3094837,13,65,170,2,14,32,18,18,3,40,136,213,724
Alaska,2012,60264,82442,434523,2,11,29,0,4,5,3,3,1,9,29,75,171
Arizona,2012,540502,720761,4141839,19,97,272,6,44,70,28,24,5,81,225,392,1263
Arkansas,2012,236508,318730,1873816,7,38,91,1,10,21,12,11,2,30,78,128,429
California,2012,3117442,4458805,24005740,95,653,1559,25,278,361,164,193,32,444,1519,2421,7744
Colorado,2012,402137,565276,3332461,14,92,219,4,46,66,24,20,5,75,240,499,1304
Connecticut,2012,288704,376034,2375197,8,54,152,2,24,35,18,16,3,46,148,231,737
Delaware,2012,68333,102080,599773,2,16,36,0,5,8,4,4,1,11,39,57,183
District of Columbia,2012,30856,94677,424447,1,17,48,0,5,13,2,4,1,6,41,69,207
Florida,2012,1385416,1972330,13133353,38,236,734,10,102,189,75,73,15,189,632,1063,3356
Georgia,2012,831609,1100053,6155586,19,121,305,4,37,106,41,39,6,105,303,518,1604
Hawaii,2012,97086,140225,896059,3,22,60,1,6,11,5,5,2,15,44,93,267
Idaho,2012,140843,173004,983206,5,23,59,1,6,8,7,6,1,18,44,66,244
Illinois,2012,1045769,1394500,8256950,27,190,472,5,54,124,51,54,9,132,438,677,2233
Indiana,2012,541016,734767,4135390,19,107,252,3,30,42,26,30,4,66,232,300,1111
Iowa,2012,241811,349004,1968010,8,48,103,1,13,20,12,14,3,29,104,133,488
Kansas,2012,237185,323430,1779494,8,44,114,1,11,19,10,13,2,24,78,90,414
Kentucky,2012,339960,464737,2815636,10,60,144,2,20,35,15,17,3,34,125,175,640
Louisiana,2012,367827,521917,2870080,11,60,155,2,18,46,17,19,4,45,140,219,736
Maine,2012,94988,128694,923093,3,19,50,1,6,10,5,6,1,15,50,121,287
Maryland,2012,457152,631368,3837914,13,83,224,2,24,46,27,26,5,66,216,282,1014
Massachusetts,2012,491273,775063,4420226,16,115,272,4,46,79,27,40,5,74,324,487,1489
Michigan,2012,805764,1107310,6419614,25,150,396,3,30,57,48,48,7,130,383,755,2032
Minnesota,2012,424639,571439,3494114,13,79,204,2,19,38,19,20,4,51,183,302,934
Mississippi,2012,247257,337204,1839846,7,38,96,1,9,24,11,11,2,25,86,102,412
Missouri,2012,472889,655094,3869695,17,90,227,2,18,33,26,27,5,65,210,307,1027
Montana,2012,73896,108999,663344,4,20,47,1,5,7,4,4,1,12,38,84,227
Nebraska,2012,148030,207051,1162770,6,34,79,1,7,11,8,7,1,19,58,75,306
Nevada,2012,221167,285463,1788826,7,40,129,1,11,21,11,10,2,35,88,200,555
New Hampshire,2012,101207,140004,894572,5,27,55,1,10,12,6,8,1,18,62,95,300
New Jersey,2012,706126,884775,5868068,20,126,347,5,45,76,36,35,7,85,274,400,1456
New Mexico,2012,168112,228037,1308966,7,32,87,2,12,23,10,7,2,31,73,153,439
New York,2012,1456617,2243318,12875810,47,289,754,9,124,212,74,88,20,213,762,1367,3959
North Carolina,2012,764610,1041859,6254266,23,129,319,5,44,82,37,36,6,97,300,480,1558
North Dakota,2012,49581,96345,439830,2,17,30,0,3,5,2,4,1,5,27,27,123
Ohio,2012,925827,1235683,7496795,28,168,426,4,49,100,48,51,8,123,385,729,2119
Oklahoma,2012,306820,426492,2381640,10,57,159,1,13,21,14,13,3,32,115,163,601
Oregon,2012,292050,411744,2606713,10,60,165,2,24,33,16,16,4,50,148,432,960
Pennsylvania,2012,951880,1397926,8449649,32,205,462,4,57,122,48,60,8,125,458,640,2221
Rhode Island,2012,76543,132076,687705,2,24,50,0,7,12,5,6,1,16,60,106,289
South Carolina,2012,359524,519243,3047485,11,62,163,2,19,42,21,19,3,49,166,245,802
South Dakota,2012,64901,92359,523437,2,16,36,0,3,5,3,3,1,6,23,36,134
Tennessee,2012,505317,692825,4187386,16,81,204,3,22,48,24,23,4,63,182,290,960
Texas,2012,2295567,2964444,15777963,71,389,945,17,119,162,102,108,16,259,742,972,3902
Utah,2012,275660,367327,1593468,7,42,71,1,13,20,10,11,2,27,75,93,372
Vermont,2012,45030,73369,423650,2,12,23,0,5,6,3,3,0,9,34,60,157
Virginia,2012,619956,893349,5256298,20,143,337,3,30,67,30,34,6,88,291,460,1509
Washington,2012,529852,738145,4498893,18,110,310,4,39,55,29,28,6,87,277,643,1606
West Virginia,2012,130671,189908,1253753,5,24,67,1,7,14,7,6,1,15,50,94,291
Wisconsin,2012,449677,617207,3732300,17,99,254,2,21,44,25,23,5,59,190,284,1023
Wyoming,2012,43516,63905,369343,2,11,26,0,2,3,2,2,0,5,16,27,96
Alabama,2013,382134,535409,3116298,11,57,164,2,17,31,17,18,3,38,145,221,724
Alaska,2013,59900,83456,435577,1,11,27,0,3,5,3,3,1,10,30,73,167
Arizona,2013,543484,732863,4218271,18,96,304,5,46,72,29,28,5,82,231,439,1355
Arkansas,2013,236666,319372,1883371,6,33,89,1,8,14,12,11,2,30,85,162,453
California,2013,3080548,4469106,24421137,85,582,1460,28,273,382,165,195,38,463,1506,2664,7841
Colorado,2013,408429,575557,3398728,14,81,234,4,42,67,28,22,5,85,253,571,1406
Connecticut,2013,286281,381473,2382534,8,54,144,2,25,39,19,17,3,45,148,234,738
Delaware,2013,67991,101239,610148,2,14,32,0,5,9,4,4,1,10,39,60,180
District of Columbia,2013,30551,93509,435643,1,14,40,0,5,14,2,4,1,6,38,77,202
Florida,2013,1390131,1980707,13387121,39,214,755,10,110,211,73,76,16,196,666,1128,3494
Georgia,2013,838199,1108195,6240700,20,131,355,4,33,81,38,39,7,94,308,561,1671
Hawaii,2013,96971,140686,904925,2,18,57,0,6,11,5,5,2,13,38,92,249
Idaho,2013,142945,173361,999689,5,22,61,1,5,7,8,7,1,20,47,85,269
Illinois,2013,1033794,1394857,8297420,23,183,454,6,63,116,45,58,10,125,434,746,2263
Indiana,2013,541174,740165,4164196,16,98,250,2,28,35,26,34,5,68,264,369,1195
Iowa,2013,242393,352842,1979684,6,49,105,1,14,18,11,15,3,24,103,124,473
Kansas,2013,237609,325999,1786820,7,45,122,2,12,18,11,13,2,28,93,138,491
Kentucky,2013,340101,470972,2832115,8,56,138,2,20,35,14,16,3,35,132,231,690
Louisiana,2013,367862,519036,2899670,10,53,166,2,16,44,18,21,4,43,143,239,759
Maine,2013,93811,127380,928319,3,17,46,0,6,10,5,7,1,16,54,155,320
Maryland,2013,455684,629854,3882314,12,75,243,2,23,42,25,26,5,68,229,372,1122
Massachusetts,2013,488765,782118,4469726,15,112,255,3,49,82,27,37,6,76,334,579,1575
Michigan,2013,797647,1114774,6446918,19,142,349,3,35,49,46,48,8,120,391,793,2003
Minnesota,2013,425247,571816,3529926,10,77,198,2,21,33,18,20,4,50,188,315,936
Mississippi,2013,245600,338718,1849489,6,34,101,1,6,17,11,11,2,26,86,117,418
Missouri,2013,470976,656394,3894492,13,85,222,2,22,33,23,27,5,59,219,362,1072
Montana,2013,74121,110655,669411,3,17,45,0,4,6,3,4,1,10,33,77,203
Nebraska,2013,149327,209508,1171452,4,33,78,1,7,10,6,7,1,17,61,80,305
Nevada,2013,221704,287435,1826942,7,36,116,2,12,24,11,12,3,32,90,182,527
New Hampshire,2013,99717,141165,900190,4,24,59,1,12,15,6,7,1,18,63,113,323
New Jersey,2013,701644,890874,5907201,23,106,357,3,36,60,35,37,8,90,268,485,1508
New Mexico,2013,166639,228647,1314755,4,30,84,1,14,22,9,7,2,27,72,168,440
New York,2013,1440280,2239134,12988411,39,267,795,10,120,250,72,93,21,201,728,1443,4039
North Carolina,2013,771607,1054654,6339066,20,129,352,4,42,71,37,38,7,98,307,580,1685
North Dakota,2013,50733,100601,448656,2,15,30,0,3,4,2,4,1,5,27,29,122
Ohio,2013,922292,1235723,7534236,25,160,460,4,47,83,41,52,8,105,381,635,2001
Oklahoma,2013,309426,429192,2404755,7,48,146,1,13,16,16,14,3,36,121,181,602
Oregon,2013,291323,413626,2641759,10,56,167,2,25,39,17,17,4,53,157,439,986
Pennsylvania,2013,941238,1382616,8494600,25,194,499,5,58,103,45,54,10,116,445,704,2258
Rhode Island,2013,75717,131028,692945,2,21,46,0,8,10,4,6,1,13,58,100,269
South Carolina,2013,362044,521862,3096686,9,55,170,1,15,29,20,19,4,45,149,265,781
South Dakota,2013,65627,93403,529318,2,14,36,0,2,4,3,4,1,7,23,33,129
Tennessee,2013,506479,700245,4226870,13,81,200,2,23,35,20,24,4,59,179,322,962
Texas,2013,2327085,3010183,16119667,66,349,981,14,111,159,103,105,19,251,760,1032,3950
Utah,2013,282277,372803,1623929,7,42,75,1,12,12,11,12,2,29,84,111,398
Vermont,2013,44408,73820,424696,2,11,26,0,5,6,2,3,1,8,34,66,164
Virginia,2013,622264,896567,5318077,17,136,331,3,34,71,27,39,7,79,290,523,1557
Washington,2013,530795,741218,4566571,15,94,273,4,41,67,29,30,7,93,271,741,1665
West Virginia,2013,129873,190362,1252711,4,23,72,1,7,11,6,7,1,14,54,104,304
Wisconsin,2013,448046,620976,3753413,17,103,256,3,29,56,24,25,5,63,200,309,1090
Wyoming,2013,44128,63910,371861,2,9,25,0,2,3,2,2,0,5,18,29,97
Alabama,2014,380801,530600,3138127,8,51,129,2,17,31,16,20,4,37,139,214,668
Alaska,2014,59194,83247,438664,2,10,31,0,4,7,3,4,1,11,34,82,189
Arizona,2014,546470,741492,4307838,16,92,265,5,51,72,29,30,8,74,231,430,1303
Arkansas,2014,236359,318914,1895228,7,31,82,1,9,16,11,12,3,29,86,169,456
California,2014,3054845,4457598,24866806,83,528,1510,29,263,407,153,184,57,431,1459,3046,8150
Colorado,2014,415441,587313,3473655,13,74,248,4,51,69,27,27,8,76,266,691,1554
Connecticut,2014,283053,385831,2387658,8,50,153,2,29,43,16,17,4,44,162,272,800
Delaware,2014,68597,99525,621612,2,12,32,0,6,11,3,4,1,9,37,57,174
District of Columbia,2014,30707,93667,444939,1,12,34,0,5,13,2,4,1,5,41,88,206
Florida,2014,1399768,1984453,13702886,38,204,767,9,117,199,69,76,22,189,652,1311,3653
Georgia,2014,846476,1114618,6338910,18,118,319,4,43,95,39,44,9,99,327,625,1740
Hawaii,2014,96910,140448,916539,2,15,45,1,7,14,5,5,3,13,38,95,243
Idaho,2014,144818,174351,1017451,4,21,56,1,6,7,7,7,2,19,45,88,263
Illinois,2014,1023238,1388172,8326464,25,168,457,6,67,121,42,56,12,118,444,777,2293
Indiana,2014,540670,742735,4189743,14,93,218,3,29,36,27,32,7,75,249,436,1219
Iowa,2014,242812,356929,1990458,6,46,112,1,13,13,11,16,3,23,98,114,456
Kansas,2014,237562,328661,1795749,6,41,95,1,12,15,12,13,3,30,96,167,491
Kentucky,2014,339643,472877,2847963,8,48,150,2,22,34,15,17,4,40,136,274,750
Louisiana,2014,367670,513576,2928109,9,54,188,2,19,46,16,22,4,37,142,249,788
Maine,2014,92645,125931,932783,2,15,44,1,8,12,6,5,1,16,53,158,321
Maryland,2014,454564,625779,3923318,12,70,247,2,23,50,22,27,6,66,244,447,1216
Massachusetts,2014,488093,788758,4519295,15,99,274,3,57,81,27,35,8,78,333,648,1658
Michigan,2014,788717,1114570,6479469,21,128,325,3,40,61,40,45,11,111,372,783,1940
Minnesota,2014,425999,571903,3562031,9,76,203,2,28,39,18,23,5,49,203,327,982
Mississippi,2014,244465,337215,1859652,5,30,90,1,6,17,11,12,2,23,73,115,385
Missouri,2014,470263,656687,3918803,11,83,217,2,27,39,23,29,6,61,215,407,1120
Montana,2014,74378,111496,676207,2,16,42,0,5,7,4,4,1,11,37,84,213
Nebraska,2014,151059,211662,1179809,4,28,74,1,8,12,6,8,2,15,64,86,308
Nevada,2014,222788,288699,1872598,7,34,108,2,12,21,12,13,4,30,88,191,522
New Hampshire,2014,98378,142433,905672,3,20,60,1,15,19,5,7,2,16,60,123,331
New Jersey,2014,697509,894294,5945550,23,102,306,4,41,84,32,38,10,87,293,515,1535
New Mexico,2014,165438,227077,1322519,4,27,85,1,13,18,9,7,2,25,71,157,419
New York,2014,1427531,2228431,13092078,36,258,779,10,140,274,69,100,26,188,801,1530,4211
North Carolina,2014,777550,1062442,6428523,16,116,306,4,54,90,38,43,9,89,332,554,1651
North Dakota,2014,51690,103308,457339,2,14,28,0,4,3,2,4,1,6,28,27,119
Ohio,2014,917272,1229015,7573265,22,143,463,5,52,84,40,49,10,104,394,681,2047
Oklahoma,2014,312268,431096,2427465,7,48,142,2,15,18,17,15,4,37,119,202,626
Oregon,2014,291273,414709,2686806,9,52,174,2,28,42,16,18,6,51,165,443,1006
Pennsylvania,2014,934275,1364517,8539968,24,181,494,5,64,106,39,52,13,111,442,786,2317
Rhode Island,2014,75156,129467,698360,2,18,43,1,10,12,4,5,1,12,57,101,266
South Carolina,2014,365128,520055,3154439,9,55,176,2,23,41,19,21,5,44,166,298,859
South Dakota,2014,65789,93308,534674,2,14,36,0,3,4,3,4,1,7,26,41,141
Tennessee,2014,507891,703134,4272566,11,73,206,3,30,51,22,27,7,57,189,360,1036
Texas,2014,2361420,3057833,16501892,70,327,907,16,128,166,105,106,23,276,771,1166,4061
Utah,2014,288637,379132,1657347,7,37,68,1,10,9,10,13,2,26,81,104,368
Vermont,2014,43770,74221,425449,1,12,25,0,7,7,2,3,1,7,36,68,169
Virginia,2014,624487,896614,5378367,14,103,281,3,31,51,29,39,9,71,270,455,1356
Washington,2014,530669,745679,4652511,15,86,236,4,40,65,27,33,9,83,261,693,1552
West Virginia,2014,129363,188612,1251012,4,22,61,1,10,13,7,7,2,16,57,101,301
Wisconsin,2014,446438,624460,3771577,14,91,250,3,31,43,24,27,6,63,201,320,1073
Wyoming,2014,44151,63351,373558,1,8,21,0,2,3,2,2,1,6,17,29,92
Alabama,2015,378330,522750,3159474,6,47,115,1,15,32,15,21,5,38,135,212,642
Alaska,2015,59083,80112,444143,2,8,30,1,5,7,3,3,1,11,34,89,194
Arizona,2015,548504,746271,4399565,13,85,206,4,46,67,25,27,12,65,214,417,1181
Arkansas,2015,236654,317993,1908182,5,31,86,1,10,19,10,12,3,25,83,166,451
California,2015,3039214,4399955,25184187,71,468,1549,23,315,452,150,169,66,402,1495,3399,8559
Colorado,2015,421468,596535,3551363,11,69,213,4,49,57,26,38,13,68,284,705,1537
Connecticut,2015,279545,388177,2387609,8,44,155,2,35,39,14,17,6,39,169,252,780
Delaware,2015,69164,97254,632438,1,10,37,0,6,9,4,4,1,10,35,61,178
District of Columbia,2015,30813,93701,453192,1,12,36,0,6,14,2,5,2,4,48,91,221
Florida,2015,1405801,1971645,14028654,31,196,753,6,105,171,70,75,26,179,664,1432,3708
Georgia,2015,855245,1112080,6443651,15,97,265,3,51,106,36,43,12,93,338,617,1676
Hawaii,2015,96573,135482,926174,2,13,42,1,7,15,5,5,2,13,38,100,243
Idaho,2015,146791,175145,1038291,4,19,53,1,7,9,6,7,2,17,44,97,266
Illinois,2015,1015317,1372755,8331898,23,150,428,5,68,113,45,56,14,121,447,753,2223
Indiana,2015,539568,743107,4212004,11,85,198,3,29,40,26,31,9,73,226,435,1166
Iowa,2015,243253,359178,1999854,6,43,118,1,13,16,11,16,4,25,96,133,482
Kansas,2015,237647,327480,1803253,6,39,76,2,13,15,11,12,5,30,88,147,444
Kentucky,2015,339903,471060,2865061,7,47,143,2,24,35,16,18,5,42,139,290,768
Louisiana,2015,367464,503266,2954805,10,50,189,1,22,41,16,18,5,37,142,250,781
Maine,2015,91487,124761,936729,2,14,49,1,8,12,5,5,2,15,52,161,326
Maryland,2015,453674,617785,3951408,9,71,219,2,32,56,23,26,9,63,259,457,1226
Massachusetts,2015,487249,792216,4556470,12,102,324,4,72,88,26,36,15,70,345,672,1766
Michigan,2015,779507,1108537,6511669,18,120,345,3,42,76,39,44,16,112,384,821,2020
Minnesota,2015,427687,572944,3589691,9,70,184,3,32,47,21,25,7,55,184,354,991
Mississippi,2015,244221,331045,1870263,4,28,80,1,9,22,10,13,2,24,78,130,401
Missouri,2015,469494,652575,3941380,10,77,207,2,25,38,22,34,8,59,211,398,1091
Montana,2015,74427,111264,684598,2,16,45,1,6,9,4,5,2,13,42,105,250
Nebraska,2015,152704,213106,1187602,4,24,64,1,10,11,7,11,2,17,64,95,310
Nevada,2015,224147,287409,1916967,6,32,92,1,14,29,12,10,6,33,84,202,521
New Hampshire,2015,96774,142696,911511,2,17,50,1,15,15,5,7,2,14,58,130,316
New Jersey,2015,694182,892114,5965066,15,100,249,4,59,82,30,39,12,75,315,517,1497
New Mexico,2015,165412,223662,1329649,5,26,90,2,12,19,9,8,4,25,73,173,446
New York,2015,1416226,2197628,13150285,31,245,741,6,127,265,72,96,30,175,812,1503,4103
North Carolina,2015,783879,1053931,6532379,13,95,281,3,60,94,37,42,13,85,321,589,1633
North Dakota,2015,52111,102161,463569,1,13,29,0,4,3,2,5,1,6,25,29,118
Ohio,2015,909989,1220151,7605364,20,141,430,4,59,98,41,48,12,109,403,832,2197
Oklahoma,2015,314698,428910,2448662,7,42,126,2,18,25,14,15,7,35,114,208,613
Oregon,2015,291584,417950,2739602,8,50,186,3,33,50,15,18,9,51,184,548,1155
Pennsylvania,2015,928154,1344620,8572327,20,161,428,5,70,127,39,53,15,101,436,877,2332
Rhode Island,2015,74286,127975,702577,2,15,45,1,11,13,4,5,2,13,54,117,282
South Carolina,2015,367649,515200,3219369,8,56,172,1,27,41,16,20,6,41,152,255,795
South Dakota,2015,66117,92977,539708,2,12,37,0,3,5,3,4,1,8,25,50,150
Tennessee,2015,508573,700709,4323137,9,72,198,2,33,58,24,26,7,60,207,442,1138
Texas,2015,2395358,3083498,16842117,57,299,783,14,145,157,99,100,18,251,784,1229,3936
Utah,2015,294912,387120,1695021,6,34,62,2,14,14,11,15,3,28,84,116,389
Vermont,2015,42936,74732,425544,1,11,24,0,8,8,2,3,1,7,36,76,177
Virginia,2015,626833,888046,5430166,13,96,286,3,38,62,28,35,10,66,274,429,1340
Washington,2015,532127,745740,4751278,12,80,253,4,43,70,26,32,18,72,284,784,1678
West Virginia,2015,128587,185094,1248039,3,21,47,1,10,13,7,7,2,16,52,111,290
Wisconsin,2015,445564,626320,3787384,12,88,248,3,27,37,24,27,8,62,191,339,1066
Wyoming,2015,44091,62125,375070,1,8,22,0,3,3,2,2,1,6,17,29,94
Alabama,2016,375632,515697,3179298,6,41,137,1,20,45,14,20,7,36,136,257,720
Alaska,2016,58821,75809,450641,1,9,29,0,4,9,3,3,2,10,30,93,193
Arizona,2016,551089,747345,4489709,10,84,223,4,44,75,22,27,13,61,222,518,1303
Arkansas,2016,236782,316285,1922394,5,29,99,1,12,24,10,10,3,26,86,201,506
California,2016,3033914,4323156,25492189,61,428,1322,21,345,523,150,187,64,404,1579,3730,8814
Colorado,2016,425994,591983,3629008,9,72,212,3,49,72,26,36,16,72,289,794,1650
Connecticut,2016,276122,389201,2395872,7,44,136,2,33,50,15,17,8,41,176,280,809
Delaware,2016,69477,95499,642469,1,10,39,0,6,10,4,4,1,9,36,75,195
District of Columbia,2016,31164,90630,463974,1,12,40,0,6,19,2,5,2,5,48,102,242
Florida,2016,1415667,1960092,14351670,29,195,713,6,122,218,72,77,30,191,701,1534,3888
Georgia,2016,862534,1106098,6555271,11,87,279,3,49,96,36,40,14,90,331,572,1608
Hawaii,2016,95796,128416,934643,2,14,44,1,7,14,4,5,2,11,35,106,245
Idaho,2016,149626,177049,1062401,3,18,60,1,8,10,7,7,2,18,50,107,291
Illinois,2016,1006653,1352935,8352680,24,164,481,5,79,124,50,58,16,134,477,870,2482
Indiana,2016,538403,741896,4240275,9,79,201,3,42,60,28,33,10,72,251,473,1261
Iowa,2016,244029,359493,2008814,5,51,128,1,16,20,10,16,5,25,111,162,550
Kansas,2016,237420,324503,1811408,6,37,89,1,16,20,11,14,5,28,94,162,483
Kentucky,2016,340232,468636,2883972,5,42,135,2,22,35,16,18,5,41,135,300,756
Louisiana,2016,365494,491237,2976965,8,49,179,1,18,36,15,15,5,36,142,290,794
Maine,2016,90519,124197,942340,2,13,50,1,8,13,5,5,3,14,57,182,353
Maryland,2016,453829,609069,3982694,7,64,201,2,38,67,23,25,10,62,240,478,1217
Massachusetts,2016,484894,792371,4598419,11,112,296,3,74,102,30,41,16,79,356,737,1857
Michigan,2016,770605,1100969,6555498,14,106,342,3,52,87,41,48,17,109,418,879,2116
Minnesota,2016,431266,574516,3625172,7,63,164,2,28,49,23,29,9,56,188,391,1009
Mississippi,2016,243347,325383,1879442,3,26,79,1,9,22,11,13,3,26,87,166,446
Missouri,2016,467819,644888,3967539,9,61,201,2,29,50,22,33,11,55,206,438,1117
Montana,2016,74636,110413,693178,3,15,49,1,6,10,4,5,2,12,45,115,267
Nebraska,2016,154318,213416,1196562,3,27,61,1,12,13,8,11,2,19,65,96,318
Nevada,2016,226449,285045,1964559,5,33,101,1,17,40,11,11,6,33,102,282,642
New Hampshire,2016,95517,142276,920285,2,18,51,1,13,12,5,7,2,15,61,139,326
New Jersey,2016,691607,890578,6001097,11,99,248,3,58,80,29,42,14,71,315,526,1496
New Mexico,2016,165925,220697,1338531,4,24,76,1,12,21,9,9,5,26,74,202,463
New York,2016,1403019,2156021,13244748,25,211,716,6,125,283,68,90,34,167,778,1491,3994
North Carolina,2016,789194,1047806,6651709,10,77,285,3,54,100,37,42,15,83,311,630,1647
North Dakota,2016,52376,97469,466368,1,12,27,0,5,4,2,4,1,5,24,38,123
Ohio,2016,902125,1214375,7643985,15,139,392,5,63,105,43,53,15,110,419,814,2173
Oklahoma,2016,316132,423784,2464143,6,42,141,2,23,30,14,15,7,36,124,228,668
Oregon,2016,292642,417821,2791313,9,52,200,3,37,64,16,21,10,50,199,680,1341
Pennsylvania,2016,922209,1328664,8602887,14,137,389,5,74,136,37,52,17,96,448,890,2295
Rhode Island,2016,73649,127226,707314,2,16,44,1,10,14,4,6,3,11,56,122,289
South Carolina,2016,370519,510357,3284833,6,58,162,1,30,49,15,18,6,39,144,279,807
South Dakota,2016,67066,92382,544008,2,13,38,0,3,4,3,4,1,8,27,52,155
Tennessee,2016,509963,694756,4382664,8,65,196,3,37,65,22,23,6,60,223,465,1173
Texas,2016,2431437,3086931,17182224,39,280,722,11,136,186,95,103,29,234,808,1354,3997
Utah,2016,300510,392070,1736486,5,35,79,2,18,21,11,16,5,28,93,133,446
Vermont,2016,42109,74469,426296,1,12,26,0,9,10,2,3,1,8,37,85,194
Virginia,2016,628617,877876,5486815,12,95,277,3,46,86,26,32,11,65,272,486,1411
Washington,2016,536155,739948,4859213,12,78,283,4,48,91,27,38,29,80,312,986,1988
West Virginia,2016,127201,181138,1242852,2,17,50,1,9,16,5,5,2,14,52,134,307
Wisconsin,2016,444929,625910,3806407,10,90,239,3,39,57,23,25,8,56,189,375,1114
Wyoming,2016,44231,59736,375321,1,7,22,0,3,4,2,2,1,5,18,36,101
Alabama,2017,373065,510012,3201636,6,40,145,1,23,45,14,19,7,38,138,338,814
Alaska,2017,58106,73343,454286,1,9,30,0,4,9,4,3,2,10,29,101,202
Arizona,2017,556478,753929,4599057,10,74,231,3,42,72,25,31,21,67,244,677,1497
Arkansas,2017,236702,314368,1937651,5,29,98,1,12,22,11,10,3,27,84,222,524
California,2017,3026428,4250955,25769686,56,437,1455,15,326,585,169,204,96,418,1668,4005,9434
Colorado,2017,430432,587460,3708548,10,89,296,3,68,109,25,29,15,73,289,904,1910
Connecticut,2017,272254,387595,2405282,5,47,131,1,24,38,18,18,8,44,180,342,856
Delaware,2017,69413,94216,651806,1,10,40,0,6,11,4,4,2,10,39,91,218
District of Columbia,2017,31570,87525,474297,1,12,47,0,6,20,2,4,2,5,45,106,250
Florida,2017,1431798,1961154,14656396,22,162,632,7,119,235,72,82,29,186,678,1722,3946
Georgia,2017,866242,1105245,6661559,12,89,289,3,51,103,42,40,13,101,342,724,1809
Hawaii,2017,95447,123940,938835,2,14,45,0,7,16,4,5,1,11,35,120,260
Idaho,2017,152823,180549,1089805,3,18,57,1,7,11,7,7,1,19,51,126,308
Illinois,2017,995426,1331211,8380092,19,152,473,5,81,153,53,55,19,139,465,1031,2645
Indiana,2017,537556,738014,4276407,8,75,184,3,48,67,28,33,9,70,264,533,1322
Iowa,2017,245032,357855,2020666,5,51,120,1,17,21,11,17,5,26,113,187,574
Kansas,2017,237064,322476,1819258,5,33,85,1,16,22,12,15,7,28,95,204,523
Kentucky,2017,340220,465663,2903588,5,38,129,2,23,39,16,18,6,40,126,312,754
Louisiana,2017,361940,479234,2987835,7,51,188,1,19,37,15,18,6,33,137,297,809
Maine,2017,89705,122655,948984,2,14,55,1,9,14,5,7,7,14,60,203,391
Maryland,2017,452456,600019,4007455,6,51,184,1,32,64,22,25,9,56,226,456,1132
Massachusetts,2017,481835,793182,4649494,10,110,277,3,72,98,31,47,14,82,368,768,1880
Michigan,2017,762352,1091893,6612857,12,105,332,3,66,95,43,57,24,105,447,1011,2300
Minnesota,2017,434904,572931,3665430,7,62,174,2,38,72,20,28,11,54,212,462,1142
Mississippi,2017,241768,322550,1887440,3,24,80,1,10,25,11,13,4,26,80,178,455
Missouri,2017,466292,635726,3997148,8,55,194,2,26,46,22,33,13,56,203,484,1142
Montana,2017,75436,110155,702611,2,15,49,0,7,10,4,6,2,11,44,119,269
Nebraska,2017,155993,212817,1206583,3,26,62,1,13,15,8,9,2,19,68,112,338
Nevada,2017,229143,283377,2008499,4,29,105,1,17,39,11,14,10,33,121,397,781
New Hampshire,2017,94983,141804,933100,2,21,55,1,15,16,6,7,2,15,64,160,364
New Jersey,2017,684290,880024,6010331,10,87,263,2,38,71,33,41,14,76,299,557,1491
New Mexico,2017,165877,219023,1351993,3,21,66,1,13,22,10,10,5,27,73,225,476
New York,2017,1375507,2093893,13260774,20,188,680,5,144,290,66,88,35,172,795,1589,4072
North Carolina,2017,791658,1058797,6764669,12,88,312,3,51,104,37,40,13,90,323,691,1764
North Dakota,2017,53301,94024,469643,1,12,27,0,4,5,2,4,1,5,26,43,130
Ohio,2017,896066,1210058,7695525,15,126,364,4,60,91,43,60,20,105,420,823,2131
Oklahoma,2017,317113,419663,2479838,5,45,140,2,25,36,14,16,6,34,127,255,705
Oregon,2017,294160,416018,2839447,7,53,199,2,40,67,16,24,18,47,206,723,1402
Pennsylvania,2017,916014,1313052,8642237,15,146,398,5,87,139,42,50,13,101,455,986,2437
Rhode Island,2017,73039,125273,711511,1,15,44,0,9,14,4,6,3,11,54,124,285
South Carolina,2017,373712,507495,3345950,6,58,171,2,32,54,19,20,6,46,150,383,947
South Dakota,2017,68252,92097,550564,2,13,34,0,3,4,3,3,1,7,26,52,148
Tennessee,2017,511356,690281,4443021,9,56,193,2,35,69,24,21,5,59,207,473,1153
Texas,2017,2463690,3098890,17545587,32,257,734,11,124,194,102,119,44,244,817,1498,4176
Utah,2017,306536,398120,1780017,5,32,72,2,18,21,10,16,7,27,96,147,453
Vermont,2017,41544,74251,428613,1,11,29,0,8,10,3,4,1,9,38,91,205
Virginia,2017,629286,874127,5542540,10,89,265,2,45,80,27,29,10,67,275,498,1397
Washington,2017,541234,736912,4970994,13,82,272,3,50,100,28,44,38,87,328,1052,2097
West Virginia,2017,125736,177588,1238942,2,15,49,1,9,18,6,6,2,14,54,154,330
Wisconsin,2017,443580,622050,3833603,9,91,235,3,43,67,24,24,7,52,191,423,1169
Wyoming,2017,44389,57838,375569,1,6,19,0,2,4,2,2,1,6,18,39,100
Alabama,2018,371033,505103,3225318,6,46,167,1,21,51,16,19,9,36,152,417,941
Alaska,2018,57444,71183,455906,1,9,31,0,4,8,4,3,2,10,29,106,207
Arizona,2018,562546,763917,4715857,10,68,212,3,41,67,30,29,21,71,230,666,1448
Arkansas,2018,237382,312348,1949363,4,26,93,1,10,17,11,12,5,27,82,230,518
California,2018,3017701,4174962,25917724,54,439,1586,16,322,572,176,187,119,477,1687,4476,10111
Colorado,2018,433719,589317,3782655,9,82,302,3,65,130,26,29,13,76,286,903,1924
Connecticut,2018,268807,383297,2408141,5,46,138,1,24,36,15,20,10,38,168,377,878
Delaware,2018,69325,92525,659878,1,10,39,0,6,12,4,4,2,10,38,101,227
District of Columbia,2018,31910,86420,479448,0,10,43,0,6,18,2,4,2,6,43,115,249
Florida,2018,1439529,1956426,14896983,18,139,564,5,99,211,71,85,35,174,641,1890,3932
Georgia,2018,868842,1107324,6756292,12,87,298,2,38,85,39,45,22,97,340,873,1938
Hawaii,2018,95153,120820,939985,2,15,52,0,7,20,4,4,2,11,36,135,288
Idaho,2018,155001,183511,1119507,3,19,58,1,7,12,8,7,3,19,53,133,323
Illinois,2018,984930,1308622,8378609,15,129,445,4,62,158,51,53,27,133,445,1170,2692
Indiana,2018,537380,736727,4312382,9,75,228,3,34,51,25,31,14,67,259,603,1399
Iowa,2018,245846,353673,2032017,5,42,105,1,16,21,12,17,6,29,99,199,552
Kansas,2018,237062,320289,1827127,5,33,86,1,16,31,11,14,7,28,96,226,554
Kentucky,2018,339761,461868,2917791,6,42,142,2,21,50,16,20,10,39,137,378,863
Louisiana,2018,360378,468361,2992047,5,41,168,1,22,46,16,19,9,31,129,304,791
Maine,2018,89221,121181,955772,2,13,51,1,9,14,6,7,5,16,59,214,397
Maryland,2018,450671,590912,4017859,6,51,189,1,26,60,22,23,11,55,237,521,1202
Massachusetts,2018,477554,788962,4680619,8,93,261,2,55,76,29,51,21,77,367,874,1914
Michigan,2018,753613,1077222,6657456,12,112,362,3,64,88,42,62,32,101,475,1189,2542
Minnesota,2018,438045,568703,3698785,7,65,193,2,34,65,21,27,15,55,220,506,1210
Mississippi,2018,241623,316108,1894943,3,25,89,1,11,26,11,12,4,24,78,195,479
Missouri,2018,465766,627312,4022731,8,59,199,2,26,40,22,32,11,53,204,506,1162
Montana,2018,76259,109604,712413,2,15,50,0,8,11,5,5,2,12,44,124,278
Nebraska,2018,157259,211523,1215009,3,24,64,1,13,14,9,10,4,22,73,133,370
Nevada,2018,231765,283278,2046371,4,29,121,1,21,48,13,13,10,39,123,451,873
New Hampshire,2018,94278,140227,945381,2,20,54,1,13,18,6,7,3,15,64,173,376
New Jersey,2018,675646,860848,5989388,10,72,244,2,41,76,33,40,15,78,304,651,1566
New Mexico,2018,165707,216551,1364936,3,23,68,1,11,21,11,9,5,31,77,250,510
New York,2018,1348363,2031273,13191928,22,188,645,4,131,282,67,88,47,177,782,1913,4346
North Carolina,2018,793730,1067047,6865689,12,93,341,3,55,111,42,35,17,101,329,885,2024
North Dakota,2018,54491,91846,473049,1,12,27,0,4,5,3,5,2,5,26,47,137
Ohio,2018,889700,1200403,7734940,14,114,377,3,59,109,44,62,24,106,430,1021,2363
Oklahoma,2018,318276,417957,2497934,5,42,130,1,18,34,14,17,9,36,134,328,768
Oregon,2018,295052,415291,2880798,7,51,192,2,35,67,17,21,18,55,196,718,1379
Pennsylvania,2018,910130,1292868,8675385,15,131,406,4,82,148,47,56,25,109,436,1207,2666
Rhode Island,2018,72481,122890,714973,1,15,43,0,8,12,4,6,3,12,55,145,304
South Carolina,2018,377471,504595,3407157,5,46,169,1,21,41,18,19,8,43,139,439,949
South Dakota,2018,69325,91692,557354,1,11,30,0,3,4,3,4,2,7,24,48,137
Tennessee,2018,513011,687939,4497884,8,63,205,2,25,61,24,28,11,55,203,523,1208
Texas,2018,2485959,3116800,17862401,36,259,779,11,128,207,113,127,57,271,817,1774,4579
Utah,2018,312345,406023,1821899,5,31,70,2,15,16,12,16,7,32,104,178,488
Vermont,2018,41066,73777,430733,1,9,27,0,7,10,3,4,1,9,38,100,209
Virginia,2018,629725,869285,5581639,10,82,267,2,45,80,29,34,16,61,287,518,1431
Washington,2018,545968,738052,5065742,11,75,282,3,46,95,29,41,34,89,336,1199,2240
West Virginia,2018,124659,174236,1235448,2,15,46,1,8,16,7,8,3,15,58,144,323
Wisconsin,2018,442510,615930,3861670,8,74,217,2,34,64,23,29,12,53,201,466,1183
Wyoming,2018,44908,57395,377084,1,7,22,0,3,4,2,2,2,6,18,38,105
