,Year,State,Overall_Homeless,average_debt,population,total_poverty_rate,total_drug_rate
0,2018,Alaska,0.0027368100957883535,1.66,736624,0.0009774321770672691,0.00028101175090683987
1,2018,Alabama,0.0007020157706186979,1.36,4891628,0.000997009584539135,0.00019236949334659135
2,2018,Arkansas,0.0009003502800813104,1.28,3012161,0.000966747793361643,0.0001719695593960615
3,2018,Arizona,0.0013769801854435677,1.78,7164228,0.0010107160185298403,0.00020211528722983134
4,2018,California,0.003295648099879041,1.78,39437463,0.0009927109155069128,0.00025638058918749416
5,2018,Colorado,0.0019056880144563383,1.78,5697155,0.0010073448940743231,0.0003377124196199682
6,2018,Connecticut,0.001112304420039272,1.36,3574561,0.0009548025617691236,0.0002456245676042457
7,2018,Delaware,0.0011189418656959518,1.55,966985,0.0010093227919771247,0.00023475028051107307
8,2018,Florida,0.0014598968728472637,1.66,21254926,0.0009936520127146054,0.0001849924107004654
9,2018,Georgia,0.0009029992141178542,1.45,10519389,0.000990551827677444,0.00018423123244135187
10,2018,Iowa,0.0008727261182894695,1.175,3149900,0.0009873329312041653,0.0001752436585288422
11,2018,Idaho,0.0011483533229760844,1.95,1752074,0.0010079482944213543,0.00018435294399665768
12,2018,Illinois,0.0008364057735024482,1.175,12724685,0.000989415455078063,0.00021155729984671527
13,2018,Indiana,0.0007849540813805398,1.175,6698481,0.0009826108337099113,0.00020885332062597475
14,2018,Kansas,0.0007607935873614882,1.175,2912748,0.0009733076805820483,0.00019019839684037204
15,2018,Kentucky,0.0008261143527736767,1.175,4464273,0.000995682835704716,0.00019331255055414398
16,2018,Louisiana,0.0006558115104674721,1.36,4664450,0.0009668878431540696,0.00016958055076161176
17,2018,Massachusetts,0.0029144374154046345,1.175,6885720,0.00099960497958093,0.0002779665743015981
18,2018,Maryland,0.0011823599965111774,1.95,6042153,0.0009979886308737961,0.00019893571049922105
19,2018,Maine,0.0018774396081553707,1.66,1340123,0.000985730414297792,0.0002962414644028944
20,2018,Michigan,0.0008361630977624953,1.175,9987286,0.000992561943254654,0.00025452360130670136
21,2018,Minnesota,0.001291372320665416,1.28,5608762,0.001024468501248582,0.00021573388209376686
22,2018,Missouri,0.0009603352015495955,1.28,6125986,0.000983678382549356,0.00018968375050155192
23,2018,Mississippi,0.0004532533837276001,1.45,2982879,0.000971879851646681,0.0001605831145011246
24,2018,Montana,0.0013232022813702536,1.78,1061818,0.0009803940034921238,0.0002618151133245057
25,2018,North Carolina,0.0008918949765757277,1.55,10391358,0.0009979446382272655,0.00019477723700790599
26,2018,North Dakota,0.0007130997208122495,0.7550000000000001,760062,0.0009801831955814132,0.00018024845341564242
27,2018,Nebraska,0.001257327921093195,1.175,1925512,0.000983115140284766,0.0001921566835210583
28,2018,New Hampshire,0.0010700601595201407,1.55,1355064,0.0009955249346156345,0.0002774776689514296
29,2018,New Jersey,0.0010569371764549756,1.55,8891730,0.0009885590318194548,0.00017611870805793697
30,2018,New Mexico,0.0012183857320391986,1.55,2093754,0.000981013051198947,0.00024358162420227018
31,2018,Nevada,0.002489173382606472,1.66,3030725,0.000992501794125168,0.0002880498890529494
32,2018,New York,0.0047020333197264974,0.7550000000000001,19544098,0.0009895570519550198,0.00022236892180954067
33,2018,Ohio,0.0008774158685826391,1.175,11680892,0.0009802333588907423,0.00020229619450295406
34,2018,Oklahoma,0.0009816183033902982,1.175,3943488,0.0009783217293928624,0.00019475144846389794
35,2018,Oregon,0.0034602291170774593,1.66,4183538,0.0009972420472815116,0.00032962530757459356
36,2018,Pennsylvania,0.0010548744732946644,1.175,12809107,0.0009774295741303435,0.00020813316650411306
37,2018,Rhode Island,0.0010393283352433313,1.55,1059338,0.0009779692600473127,0.00028697167476291797
38,2018,South Carolina,0.0007724332649475559,1.66,5091702,0.0009890602395819707,0.00018638168533822286
39,2018,South Dakota,0.001317965034694662,1.175,879386,0.0009699949737657866,0.00015579051747469257
40,2018,Tennessee,0.0011629965565977888,1.36,6778180,0.0009833023023879566,0.00017821893192567916
41,2018,Texas,0.0008842056074635756,1.175,28624564,0.000995648352932118,0.0001599675020377603
42,2018,Utah,0.0009115247342997313,1.66,3155153,0.001005656461033744,0.00015466761833736746
43,2018,Virginia,0.0007020392625004113,1.95,8510920,0.0009861448586051802,0.0001681369346674625
44,2018,Vermont,0.002066254589453939,1.45,624802,0.0009859123370283705,0.0003345059714917686
45,2018,Washington,0.002963280642897978,1.55,7526793,0.0010037475456014268,0.00029760350789506234
46,2018,Wisconsin,0.000844677319320905,1.175,5809319,0.0009975351672029027,0.0002036383266265805
47,2018,West Virginia,0.0006882792630815974,1.28,1805953,0.0009756621573208162,0.00017885293803327108
48,2018,Wyoming,0.0011035240236661867,1.55,579054,0.0009757293792979584,0.00018133023863059405
49,2017,Alaska,0.002489935666540258,1.66,740983,0.0009703326527059326,0.00027261084262391986
50,2017,Alabama,0.000777574529175855,1.45,4877989,0.0009842170615800897,0.00016687204501691168
51,2017,Arkansas,0.0008212779911147508,1.28,3003855,0.0009724171106794436,0.00017444250804383033
52,2017,Arizona,0.0012694222887114916,1.78,7048088,0.0009904813901302028,0.00021239802908249727
53,2017,California,0.003343655470179625,1.78,39337785,0.0009977684305305956,0.0002398203152516086
54,2017,Colorado,0.0019475129245253293,1.78,5617421,0.000983903467445292,0.0003400136824354094
55,2017,Connecticut,0.0009476064267182499,1.45,3575324,0.0009937560903571256,0.00023941886105986477
56,2017,Delaware,0.0010376411097957913,1.45,957942,0.0010094556872963082,0.00022757118906990194
57,2017,Florida,0.00153453131652347,1.66,20977089,0.000996801796474239,0.0001881099899037469
58,2017,Georgia,0.0009766698399956764,1.45,10417031,0.0009820456519712766,0.00017365792614037532
59,2017,Iowa,0.0008766645015131688,1.175,3143734,0.0009711381433670915,0.00018258542230354096
60,2017,Idaho,0.0011844779313212133,1.95,1719745,0.0010059630933655862,0.00017909631951248587
61,2017,Illinois,0.0008449210020772474,1.175,12779893,0.0009859237475618927,0.0002069657390715243
62,2017,Indiana,0.000816263058257586,1.28,6662068,0.0009804763325742096,0.00019843688176103877
63,2017,Kansas,0.0007856698221713482,1.175,2910892,0.0009852649978082319,0.00017967001180394188
64,2017,Kentucky,0.0009033595999631923,1.175,4455590,0.0009864013520094982,0.00016922562444030982
65,2017,Louisiana,0.0007071525971115224,1.36,4673673,0.000970328904054691,0.00017309726204636054
66,2017,Massachusetts,0.0025591675457051445,1.28,6863560,0.0009884083478544662,0.00027391033224740514
67,2017,Maryland,0.0012021858648688013,1.95,6028186,0.0009915088884118704,0.00018778451759783124
68,2017,Maine,0.0017069151775453812,1.66,1335743,0.0009844708151193755,0.00029272098000887896
69,2017,Michigan,0.0009072090796684131,1.175,9976752,0.0009918057500076178,0.0002305359499765054
70,2017,Minnesota,0.0013768379161195436,1.28,5569283,0.0010089270019138909,0.00020505332553580056
71,2017,Missouri,0.0009878289395099176,1.28,6111382,0.0009798111131001138,0.00018686444408155144
72,2017,Mississippi,0.0004921967422728121,1.36,2990674,0.0009857309756931046,0.0001521396180259032
73,2017,Montana,0.00145085409664643,1.78,1053862,0.0009877953659966864,0.00025525163636225614
74,2017,North Carolina,0.0008721497723087678,1.55,10275758,0.0010023591446976466,0.0001716661680821989
75,2017,North Dakota,0.0014390390549120918,0.7550000000000001,756755,0.0009778594128879228,0.00017178611307490534
76,2017,Nebraska,0.001304644031970821,1.175,1916998,0.0009796567341228317,0.0001763173461839814
77,2017,New Hampshire,0.0010782030442944473,1.66,1350395,0.0009871185838217706,0.0002695507610736118
78,2017,New Jersey,0.0009603801557287475,1.55,8888147,0.0010142721536896273,0.00016775150095964885
79,2017,New Mexico,0.0011859460141319658,1.66,2092844,0.0009723610551001413,0.00022744170134037702
80,2017,Nevada,0.0026355129055343754,1.66,2972097,0.0010023226025260951,0.0002627774261741794
81,2017,New York,0.00456791312416463,0.7550000000000001,19593849,0.001007459024513254,0.00020782032157132577
82,2017,Ohio,0.0008653569702510933,1.175,11665706,0.0009849382454863854,0.00018267218460674392
83,2017,Oklahoma,0.0010674694592894757,1.28,3933602,0.0009703574484658081,0.00017922504615362712
84,2017,Oregon,0.003364362401122274,1.66,4147294,0.0010131907696922379,0.00033805175133472574
85,2017,Pennsylvania,0.0011049905980447029,1.28,12794679,0.0009824396532339733,0.00019046980389269633
86,2017,Rhode Island,0.0011168383253482548,1.55,1056554,0.0009900109223002326,0.0002697448497663158
87,2017,South Carolina,0.0007789776296562114,1.66,5027102,0.000985657342938337,0.00018837891095108077
88,2017,South Dakota,0.0010792783141741404,1.175,873732,0.0009957286673716883,0.00016938832502414928
89,2017,Tennessee,0.0012374254402399017,1.36,6714748,0.0009976547146668794,0.00017171158173024512
90,2017,Texas,0.0008323488043416173,1.175,28291024,0.0009928944247475807,0.0001476086549571341
91,2017,Utah,0.000918950617681744,1.66,3103540,0.0010085257480167808,0.00014596235266824337
92,2017,Virginia,0.0007162073098476676,1.95,8471011,0.0009729653284596136,0.00016491538023029364
93,2017,Vermont,0.0019595861354082017,1.45,625132,0.0009805928987797778,0.000327930741027495
94,2017,Washington,0.002842237381479765,1.66,7427951,0.0009996027168192143,0.0002823120400228811
95,2017,Wisconsin,0.0008677494287647111,1.175,5793147,0.0010027365091892196,0.00020179014963714887
96,2017,West Virginia,0.0007197516004713301,1.28,1818683,0.00098587824266241,0.00018144998331210002
97,2017,Wyoming,0.00150518798470329,1.55,579994,0.0009655272295920303,0.00017241557671286256
98,2016,Alaska,0.0026125307208026125,1.66,742575,0.0009534390465609535,0.00025990640676025993
99,2016,Alabama,0.0008446987193290737,1.45,4866824,0.0009905844139833288,0.00014794042274797692
100,2016,Arkansas,0.0008232460897481963,1.36,2991815,0.0009830153268166647,0.0001691281045118097
101,2016,Arizona,0.0013977430776295303,1.78,6944767,0.0009903859985511392,0.0001876232852736456
102,2016,California,0.0030177383509327627,1.95,39149186,0.0009997653591060616,0.00022513878066328122
103,2016,Colorado,0.0019030117009064468,1.78,5543844,0.000992452168567514,0.00029762742241664806
104,2016,Connecticut,0.0010899958936597548,1.45,3579830,0.000996416030928843,0.0002259883849233064
105,2016,Delaware,0.00112632883117594,1.66,949989,0.0009968536477790795,0.00020526553465355916
106,2016,Florida,0.0016269265728609218,1.78,20627237,0.0009948011941686616,0.00018848864731616747
107,2016,Georgia,0.001252274592028553,1.45,10308442,0.0009962708234668245,0.00015598865473560408
108,2016,Iowa,0.0009779108326604345,1.175,3133210,0.0009890814851222867,0.0001755388244005349
109,2016,Idaho,0.0013342945162692485,1.95,1684036,0.000997009565116185,0.0001727991563125729
110,2016,Illinois,0.0009039356609949578,1.28,12821709,0.0009811484568866755,0.0001935779387911549
111,2016,Indiana,0.0008734692819925826,1.28,6637898,0.000978171101755405,0.00018996977657686213
112,2016,Kansas,0.0007741221437725049,1.175,2912977,0.0009814701592219918,0.0001658097540763281
113,2016,Kentucky,0.0009542135159153446,1.28,4440306,0.0009870941327016652,0.00017025853623601616
114,2016,Louisiana,0.0008531734249081354,1.36,4681346,0.000976855801728819,0.0001696093388525437
115,2016,Massachusetts,0.0028720075930678103,1.36,6827280,0.0009923424848548763,0.000271997047140296
116,2016,Maryland,0.001280003675703103,1.95,6007014,0.0009871793207074262,0.0002025964980271396
117,2016,Maine,0.0016819929928216953,1.78,1332348,0.000988480487079952,0.0002649457949424625
118,2016,Michigan,0.0009358941631889599,1.28,9954117,0.0009920518314180957,0.00021257535952209523
119,2016,Minnesota,0.0013286012133146075,1.36,5525360,0.0009827413960357334,0.00018261253565378545
120,2016,Missouri,0.0010168460894929626,1.36,6091384,0.0009649695373005544,0.00018337376202189848
121,2016,Mississippi,0.00058115525505794,1.45,2990595,0.000984085106809849,0.00014913420239116295
122,2016,Montana,0.001360665632253725,1.78,1042137,0.0009893133052564106,0.000256204318626054
123,2016,North Carolina,0.0009406796156823366,1.66,10161802,0.0009899818949434362,0.00016207755278050095
124,2016,North Dakota,0.0012207153947685137,0.7550000000000001,756114,0.0009905913658522392,0.00016267388250978027
125,2016,Nebraska,0.0014445447454816014,1.175,1906483,0.0009808637160677541,0.0001667992843366555
126,2016,New Hampshire,0.001016600505769915,1.66,1343694,0.000979389652703666,0.00024261476199194162
127,2016,New Jersey,0.0010024134554876586,1.66,8873584,0.0009957645073287186,0.00016859027874193788
128,2016,New Mexico,0.0010814530561920714,1.66,2092555,0.0009763184241274423,0.00022126061202692402
129,2016,Nevada,0.0025339478105396197,1.78,2919555,0.0010073452974854044,0.00021989652532663367
130,2016,New York,0.004397549427488992,0.7550000000000001,19636391,0.0009910171375177852,0.00020339786470945705
131,2016,Ohio,0.0008938098257225478,1.28,11640060,0.0009828128033704294,0.0001866828865143307
132,2016,Oklahoma,0.0010455322018572135,1.28,3928143,0.000995635851342479,0.00017005490889715572
133,2016,Oregon,0.003234088336687212,1.78,4093271,0.001007507199010278,0.00032761085205450604
134,2016,Pennsylvania,0.0011994399954709195,1.36,12788468,0.0009797889786329372,0.00017945855594274465
135,2016,Rhode Island,0.0010965990304552021,1.66,1057816,0.0009945018793438556,0.0002732044136220288
136,2016,South Carolina,0.0010177248540256952,1.78,4963031,0.0009868969184355287,0.00016260224850499623
137,2016,South Dakota,0.001241181762501259,1.28,863693,0.0009899350810994184,0.00017946191528702907
138,2016,Tennessee,0.0013198969160358228,1.45,6651277,0.0010001087009306633,0.0001763571115742135
139,2016,Texas,0.0008283279711617771,1.175,27914064,0.0009908983514546647,0.0001431894689358024
140,2016,Utah,0.0009220689163571478,1.66,3044241,0.0010107609745746149,0.00014650614061107513
141,2016,Virginia,0.0007446257869327203,1.95,8417651,0.0009697479736330242,0.0001676239606512553
142,2016,Vermont,0.0017890147765893722,1.55,624366,0.0009962105559879941,0.0003107151894882168
143,2016,Washington,0.002853028940839547,1.78,7299961,0.0009984984851288932,0.0002723302220381725
144,2016,Wisconsin,0.0009843866068011851,1.28,5775170,0.0009980658578015885,0.00019289475461328412
145,2016,West Virginia,0.0007569163435537959,1.36,1832435,0.000986665284171062,0.00016753663840736506
146,2016,Wyoming,0.0014643489969123936,1.55,585243,0.0009756631006265774,0.00017257788645058547
147,2015,Alaska,0.0026488631285294475,1.55,738430,0.0009520198258467289,0.0002627195536476037
148,2015,Alabama,0.0008177468787095995,1.45,4854803,0.0009928312230177002,0.00013224017534800073
149,2015,Arkansas,0.0008591376674143849,1.28,2979732,0.000990357522085879,0.00015135589375151858
150,2015,Arizona,0.0014483060409992375,1.78,6832810,0.0009846607764594653,0.00017284250549920164
151,2015,California,0.0029749413792245463,1.95,38904296,0.0010045163135711285,0.00022000141064112817
152,2015,Colorado,0.001824789414938009,1.78,5454328,0.0009937062824237927,0.0002817945675434261
153,2015,Connecticut,0.0011277500925858583,1.45,3588561,0.0009953850582447952,0.00021735731954953532
154,2015,Delaware,0.00101160747931406,1.55,942065,0.00101691496871235,0.0001889466225791214
155,2015,Florida,0.00177554789624529,1.78,20219111,0.0009926252445025896,0.00018339085234756364
156,2015,Georgia,0.0013541708708320335,1.55,10183353,0.0009918147784919171,0.00016458233353984684
157,2015,Iowa,0.0009866964116724169,1.175,3122541,0.0009927811996703966,0.000154361463948752
158,2015,Idaho,0.001189716156478537,1.95,1652495,0.0010027261807146165,0.0001609687170006566
159,2015,Illinois,0.0010246831449070867,1.28,12859585,0.0009860349303651712,0.0001728671648424113
160,2015,Indiana,0.0008867959516244716,1.28,6611442,0.0009834465764049659,0.00017636092096096434
161,2015,Kansas,0.0008891280052303264,1.175,2910717,0.0009787966332693973,0.000152539735054971
162,2015,Kentucky,0.0010245813733905968,1.28,4429126,0.0009855217485345868,0.00017339764097928123
163,2015,Louisiana,0.0008744379149080415,1.175,4666998,0.0009854300344675528,0.00016734526134358745
164,2015,Massachusetts,0.003109238653595948,1.36,6797484,0.0009969865320756915,0.00025980200909630683
165,2015,Maine,0.0017846690010819369,1.78,1329098,0.001008202555417283,0.0002452791291537569
166,2015,Michigan,0.001058535205103275,1.28,9934483,0.0009916973032215164,0.00020333217138727804
167,2015,Minnesota,0.0013760024157540424,1.36,5484002,0.000995258572115765,0.00018070744686088735
168,2015,Missouri,0.0010669237027750057,1.28,6075411,0.0009786992188676618,0.0001795763282517018
169,2015,Mississippi,0.0006631594682818819,1.45,2990231,0.0009855425885157366,0.00013410335188151015
170,2015,Montana,0.001656818501301509,1.78,1031495,0.0009869170475862703,0.0002423666619809112
171,2015,North Carolina,0.0010645380024624353,1.66,10037218,0.0009850339008278988,0.00016269448367067449
172,2015,North Dakota,0.0017272483015391702,0.7550000000000001,755537,0.001009877742585737,0.00015618030619281385
173,2015,Nebraska,0.0014502718995549294,1.175,1892059,0.0009819989757190446,0.00016384267086808603
174,2015,New Hampshire,0.0010803899871399947,1.66,1337480,0.0009667434279391093,0.00023626521518078775
175,2015,New Jersey,0.0011384041508348296,1.66,8870312,0.0010074053764963396,0.00016876520239648843
176,2015,New Mexico,0.0012578520059844858,1.66,2090071,0.0009741295869853226,0.00021338988005670622
177,2015,Nevada,0.0030479015217196536,1.78,2868531,0.0009984204458658456,0.00018162606574584692
178,2015,New York,0.004489421523919765,0.7550000000000001,19657321,0.0009996275687821346,0.00020872630609226965
179,2015,Ohio,0.0009621146905758448,1.175,11622315,0.0009843133661409109,0.00018903290781569764
180,2015,Oklahoma,0.0009658566972457357,1.175,3910518,0.000993985962984955,0.00015675672634673975
181,2015,Oregon,0.0032912434410291096,1.78,4018542,0.0010026024364060398,0.00028741767536584164
182,2015,Pennsylvania,0.0012057228559110757,1.28,12789838,0.0009820296394684592,0.0001823322547165961
183,2015,Rhode Island,0.0010512013594654486,1.55,1056886,0.0009878075781115465,0.00026682158719104995
184,2015,South Carolina,0.0010935444115060316,1.78,4896006,0.0009783484742461508,0.00016237725198866177
185,2015,South Dakota,0.0012121736871726048,1.28,854663,0.0009922039447127114,0.00017550777323927677
186,2015,Tennessee,0.0013832464489396627,1.36,6595354,0.001001462544694341,0.00017254570414264344
187,2015,Texas,0.0008620045971879603,0.7550000000000001,27468531,0.0009975051086641656,0.00014329124480664802
188,2015,Utah,0.0010138670195259057,1.66,2983626,0.0010068286038531638,0.00013037827127126522
189,2015,Virginia,0.0008367092717928346,1.95,8367303,0.000981917351385506,0.00016014718243142383
190,2015,Vermont,0.002433645994790751,1.55,625810,0.000973138812099519,0.00028283344785158434
191,2015,Washington,0.0027093933869259037,1.78,7167287,0.0010035875499334686,0.00023411926995528434
192,2015,Wisconsin,0.0010510284096952817,1.175,5762927,0.0009953275479630402,0.0001849754473724897
193,2015,West Virginia,0.0009954799243977754,1.28,1843332,0.0009737800895335187,0.00015732380276586096
194,2015,Wyoming,0.0013608713669594757,1.28,586389,0.0009788723867603247,0.00016030314347642948
195,2014,Alaska,0.00242037784485975,1.55,737075,0.000941559542787369,0.00025641895329511923
196,2014,Alabama,0.00094162833366056,1.55,4843737,0.0009837445757273774,0.0001379100475521276
197,2014,Arkansas,0.0009889654229258758,1.28,2968759,0.0009738075741412489,0.00015359953435088535
198,2014,Arizona,0.0015587699337266572,1.78,6732873,0.000988730962250439,0.0001935280822911705
199,2014,California,0.002953141426479887,1.95,38586706,0.0010021586190850289,0.00021121263888138053
200,2014,Colorado,0.0018734690956999326,1.78,5352637,0.0010043647645076622,0.0002903241897404961
201,2014,Connecticut,0.0012375903753848003,1.45,3595697,0.0009948001736520067,0.00022248815737254836
202,2014,Delaware,0.0009655664638727039,1.55,933131,0.0009955729688543196,0.0001864689952428973
203,2014,Florida,0.002092386979270551,1.95,19853880,0.0009917456940406611,0.00018399426207874734
204,2014,Georgia,0.0016404195565892618,1.55,10071204,0.000987766705946975,0.00017276980984597272
205,2014,Iowa,0.0010036510136328728,1.175,3110643,0.0009895060281748822,0.0001465934856555381
206,2014,Idaho,0.0012890198058138223,1.95,1632248,0.0009839191103312732,0.0001611274757267278
207,2014,Illinois,0.0010172220733852735,1.36,12885092,0.0009910678169779462,0.00017795759626706585
208,2014,Indiana,0.0009052429958130805,1.28,6596019,0.0009808946881444702,0.0001848084427895068
209,2014,Kansas,0.000959039733467592,1.175,2901861,0.0009824729716550861,0.0001692017639714652
210,2014,Kentucky,0.00115214154791315,1.28,4416992,0.0009732867978932269,0.00016979881331005353
211,2014,Louisiana,0.00099140367348854,1.28,4645938,0.0009793501333853357,0.00016961052859508673
212,2014,Massachusetts,0.003139309230754676,1.36,6764864,0.0009834639691204436,0.00024508992346335416
213,2014,Maine,0.0020477502916504222,1.78,1331217,0.0009765500290335836,0.00024113273793829255
214,2014,Michigan,0.0012310671944001797,1.28,9932033,0.0009960699888935125,0.00019532758298326233
215,2014,Minnesota,0.0015363129772322341,1.45,5452665,0.000993459161712667,0.0001800954212298023
216,2014,Missouri,0.0012018227039195396,1.36,6059130,0.000981989163460761,0.00018484501900437853
217,2014,Mississippi,0.0007440108132245416,1.45,2991892,0.000989674760987362,0.00012868111549481064
218,2014,Montana,0.001706339466702912,1.78,1022657,0.000985667726324662,0.00020828097788408038
219,2014,North Carolina,0.0011563508983078394,1.66,9937295,0.0009884983790860592,0.00016614179210740952
220,2014,North Dakota,0.0017029087522470814,0.7550000000000001,738736,0.000989528058738169,0.0001610859630503996
221,2014,Nebraska,0.0016096129960557566,1.175,1879955,0.0009963004433616762,0.00016383370878558264
222,2014,New Hampshire,0.001031285576916591,1.66,1334257,0.0009878156906802812,0.00024807814386583693
223,2014,New Jersey,0.0013161875962598214,1.66,8867277,0.0010079757291894683,0.00017310838490779075
224,2014,New Mexico,0.0013137272537646467,1.66,2090236,0.0009711822014356274,0.00020045583369533392
225,2014,Nevada,0.003044412162749407,1.78,2818935,0.001000023058353598,0.00018517631658764746
226,2014,New York,0.004100556284548993,0.7550000000000001,19653431,0.0010003342418939472,0.00021426284296110945
227,2014,Ohio,0.0010186469339399321,1.28,11606573,0.0009916794561150824,0.0001763655818129951
228,2014,Oklahoma,0.001080381017981345,1.175,3879187,0.0009610261119146873,0.00016137401986550273
229,2014,Oregon,0.0030674978129830006,1.78,3965447,0.0009973654924652882,0.00025369145016942605
230,2014,Pennsylvania,0.0011986030446846845,1.28,12792392,0.000986523865122332,0.00018112328014963894
231,2014,Rhode Island,0.0011263488974558712,1.66,1056511,0.0009900512157469256,0.0002517721064901359
232,2014,South Carolina,0.001047679463535078,1.78,4826858,0.000986977449927054,0.000177962558666528
233,2014,South Dakota,0.001041580849035508,1.28,849670,0.0009956806760271636,0.0001659467793378606
234,2014,Tennessee,0.0014385868569543488,1.36,6544617,0.0009925714522331865,0.00015829803333029268
235,2014,Texas,0.001056814997330425,0.7550000000000001,26963092,0.0009895007590375762,0.00015061329019683647
236,2014,Utah,0.0010485558618901164,1.78,2938327,0.0009964854149997601,0.00012524133631144525
237,2014,Virginia,0.0008442137087318395,1.95,8315430,0.0009929733038459827,0.00016307034031914165
238,2014,Vermont,0.00249163727259215,1.55,625693,0.0009829101492265376,0.0002701005125516827
239,2014,Washington,0.002613095146163722,1.95,7057531,0.0010030419986819753,0.00021990693345874074
240,2014,Wisconsin,0.0010524579455708032,1.28,5753199,0.000998053430795632,0.00018650493403756763
241,2014,West Virginia,0.0010877735442450403,1.28,1850569,0.0009845620455114076,0.00016265267601478248
242,2014,Wyoming,0.0012981022328387283,1.36,583159,0.000980864566953438,0.00015776143384565788
243,2013,Alaska,0.0026381933391718838,1.55,737626,0.0009435676074324928,0.00022640199776038263
244,2013,Alabama,0.000970488779460823,1.55,4831586,0.0009949114017633134,0.00014984727582205925
245,2013,Arkansas,0.0012876381669193865,1.28,2960459,0.0009633641269816606,0.0001530168125956144
246,2013,Arizona,0.0015919357196794424,1.95,6634690,0.0009845222610250063,0.00020422958721507713
247,2013,California,0.003099093401727119,1.95,38253768,0.0009988558512719584,0.0002049732721754364
248,2013,Colorado,0.001850582096671191,1.95,5270774,0.0010061140925412472,0.0002667539909698272
249,2013,Connecticut,0.001237001472832689,1.55,3595792,0.0010114600622060453,0.00020523990264175457
250,2013,Delaware,0.0010237408312429252,1.55,924062,0.0009869467633124185,0.00019479212433797733
251,2013,Florida,0.0024479740306688766,1.95,19551678,0.0009953109906985988,0.0001787058890802109
252,2013,Georgia,0.0017012524168991674,1.66,9975592,0.0009872095811456604,0.00016750885561478456
253,2013,Iowa,0.0009967888788872423,1.175,3093935,0.0009942031749212573,0.00015287974698886692
254,2013,Idaho,0.001104802385529508,1.95,1612053,0.000998726468670695,0.00016686796277789873
255,2013,Illinois,0.0010410383925653808,1.45,12895778,0.0009809412041677516,0.00017548379012107684
256,2013,Indiana,0.0009277726835170437,1.28,6570575,0.0009979339707712033,0.00018187144960676957
257,2013,Kansas,0.0009304475753427592,1.175,2894306,0.0009535964752863035,0.00016964343092955617
258,2013,Kentucky,0.0011901774169905143,1.28,4406906,0.001021351487869267,0.00015657243426567301
259,2013,Louisiana,0.0011296919179254827,1.28,4626040,0.00098010393338579,0.00016407121425668605
260,2013,Massachusetts,0.002833738238176972,1.36,6715158,0.0010029548076158446,0.00023454399732664519
261,2013,Maine,0.0022701561033402757,1.78,1328543,0.001001096690133477,0.00024086536905467117
262,2013,Michigan,0.0011626051634717465,1.36,9914802,0.0010156531618079716,0.00020202118004978818
263,2013,Minnesota,0.0015169753867326891,1.45,5414722,0.0009878623500892566,0.00017286206013900621
264,2013,Missouri,0.0014199926559522117,1.36,6042989,0.000985439490291973,0.00017739565635482705
265,2013,Mississippi,0.0008037222071155002,1.45,2989839,0.0009682795628794728,0.00013980685916532628
266,2013,Montana,0.0018517824638764374,1.78,1014158,0.0009663188576139024,0.0002001660490771655
267,2013,North Carolina,0.001235741821360358,1.66,9846717,0.0009822563195428487,0.00017112302506510545
268,2013,North Dakota,0.0028610977820615114,0.7550000000000001,723149,0.0009901140705442448,0.00016870658743910313
269,2013,Nebraska,0.001685592286043671,1.175,1865813,0.0010011721431890548,0.00016346761438579323
270,2013,New Hampshire,0.0010902060768252476,1.66,1327272,0.0009802060165512419,0.00024335629772947822
271,2013,New Jersey,0.0013549607742129807,1.78,8857821,0.0009853439124588317,0.00017024502978779996
272,2013,New Mexico,0.001346977995855379,1.66,2092833,0.0009933902991781953,0.0002102413331594064
273,2013,Nevada,0.0025347898922417206,1.95,2776956,0.0009989355250857414,0.00018977614337425583
274,2013,New York,0.003945178577033242,1.175,19626488,0.0009854029921196293,0.0002057933136076103
275,2013,Ohio,0.0010643633699411004,1.28,11579692,0.0009741191734633357,0.00017280252359043748
276,2013,Oklahoma,0.001143779105324982,1.175,3853891,0.0009592902342074542,0.00015620576710654246
277,2013,Oregon,0.0035223273557571017,1.95,3924110,0.001011439536608301,0.0002512671663128709
278,2013,Pennsylvania,0.0011804808593237094,1.28,12779538,0.001001601153343728,0.00017668870345704203
279,2013,Rhode Island,0.001311152374095267,1.66,1055560,0.0009776800939785516,0.00025484103224828527
280,2013,South Carolina,0.0013729240660119682,1.95,4766469,0.0009810197024254222,0.00016385294858730856
281,2013,South Dakota,0.0012981295780129598,1.36,842751,0.000981310019210894,0.00015307012391560496
282,2013,Tennessee,0.0014665358769501288,1.36,6496943,0.0009653771011997489,0.00014806963828988494
283,2013,Texas,0.0011184061901733883,0.7550000000000001,26479646,0.0009894392092703959,0.00014917117849687266
284,2013,Utah,0.0011304783092708536,1.78,2898773,0.0010083576740917623,0.00013729947119005178
285,2013,Virginia,0.0009235862861547694,1.95,8255861,0.000996867558695574,0.000188593291481046
286,2013,Vermont,0.0023204485136521847,1.55,626603,0.001003825388643208,0.0002617287181836027
287,2013,Washington,0.002549434042868389,1.95,6966252,0.0009871879455408733,0.00023900944151891145
288,2013,Wisconsin,0.00106378306633029,1.28,5738012,0.0009785619130806976,0.00018996126184469466
289,2013,West Virginia,0.0012076982134692855,1.175,1854768,0.0009731675336214557,0.00016390190039940306
290,2013,Wyoming,0.0016357145309120868,1.28,582620,0.0010160996876180015,0.0001664893069238955
291,2012,Alaska,0.0026176434367345823,1.55,730810,0.0009605779888069402,0.00023398694599143416
292,2012,Alabama,0.0010814610707232772,1.55,4816632,0.000998207876375027,0.00015031250051903488
293,2012,Arkansas,0.0014270832910017216,1.28,2952876,0.0009851412656677761,0.00014528209108679132
294,2012,Arizona,0.001723826571638096,1.95,6556344,0.0010130645981968,0.00019263784816660016
295,2012,Colorado,0.003228551734229811,1.95,5193660,0.0009921712241463632,0.00025107534956081065
296,2012,Connecticut,0.0011707240548607578,1.55,3595211,0.0009782457830708685,0.00020499492241206427
297,2012,Delaware,0.0011010160368228696,1.66,915518,0.0009830500328775623,0.00019988684001843765
298,2012,Georgia,0.002071574117642307,1.78,9903580,0.0009759097215350409,0.00016196163407575847
299,2012,Iowa,0.0009516244567485384,1.28,3076844,0.000978275141671141,0.00015860407612475642
300,2012,Idaho,0.0012331522454273737,1.95,1595910,0.000995043580151763,0.00015289082717697113
301,2012,Illinois,0.0010978784569995147,1.45,12883029,0.0009881216598984603,0.00017332880334275426
302,2012,Indiana,0.0009571816071261169,1.36,6538989,0.0009700276296534526,0.00016990394080797507
303,2012,Kansas,0.0009299991961258811,1.175,2886024,0.0009798948310894159,0.00014344995052016198
304,2012,Kentucky,0.0011919236348429134,1.36,4387865,0.0009895473083150917,0.0001458568119119435
305,2012,Louisiana,0.001688806355926587,1.28,4602067,0.0009702162093685294,0.00015992813663947091
306,2012,Massachusetts,0.00262609447487789,1.45,6664269,0.0009852543467257998,0.00022343035672779714
307,2012,Maine,0.0018018302921329365,1.78,1328094,0.0010014351393801944,0.00021609916165572616
308,2012,Michigan,0.001272139053527332,1.45,9898289,0.0009830992002759266,0.00020528800482588454
309,2012,Minnesota,0.0014400743840074384,1.55,5377500,0.000995443979544398,0.00017368665736866573
310,2012,Missouri,0.0016987975659584664,1.36,6026027,0.0009883792422436873,0.00017042738109205287
311,2012,Mississippi,0.000808483819769423,1.45,2984599,0.0009693094449204064,0.0001380419949212608
312,2012,Montana,0.001825391767114666,1.78,1004168,0.0009948534508169948,0.0002260577911265844
313,2012,North Carolina,0.0013868194724876715,1.78,9751810,0.0009879191657753792,0.00015976521281690272
314,2012,North Dakota,0.000979740169489353,0.7550000000000001,702227,0.000985436333265454,0.0001751570361151024
315,2012,Nebraska,0.002044029992053692,1.175,1853691,0.000997469373266634,0.00016507605636538128
316,2012,New Hampshire,0.0011293319050606299,1.78,1324677,0.0009874105159219946,0.00022647030181697123
317,2012,New Jersey,0.001472471675693116,1.78,8845671,0.0009857929375849497,0.00016460028866097326
318,2012,New Mexico,0.0015543309311855306,1.78,2087715,0.0009886406908989015,0.0002102777438491365
319,2012,Nevada,0.0030958184408325954,1.95,2744670,0.000996476807776527,0.00020221010176086742
320,2012,New York,0.003553934478170987,1.175,19574362,0.000985983604472013,0.0002022543570002435
321,2012,Ohio,0.0012100281439543048,1.36,11550971,0.0009869300165328092,0.0001834477811432476
322,2012,Oklahoma,0.0013175120178461088,1.28,3819320,0.0009687588366515506,0.00015735785427772482
323,2012,Oregon,0.004058355396858852,1.95,3900102,0.000992794547424657,0.0002461474084523943
324,2012,Pennsylvania,0.0011540338361530388,1.36,12769123,0.000991454150766658,0.0001739352029109595
325,2012,Rhode Island,0.0012105493163761633,1.78,1054893,0.0009801941997908794,0.00027396143495122253
326,2012,South Carolina,0.0010415282641951403,1.95,4719027,0.0009889750577820385,0.00016995028848107883
327,2012,South Dakota,0.0010301501812656577,1.45,833859,0.0009857781711296513,0.00016069863130337383
328,2012,Tennessee,0.001460093262566468,1.45,6455752,0.000994771794207708,0.0001487045970786982
329,2012,Texas,0.0013054686146206965,1.175,26084120,0.0009990752994542274,0.00014959293240485015
330,2012,Utah,0.0012357461741620787,1.95,2854146,0.000998197008842575,0.00013033671017530286
331,2012,Virginia,0.0010288910254907019,1.95,8187456,0.0009763716592797567,0.0001843063339821307
332,2012,Vermont,0.0018519671563203967,1.55,626361,0.0009818618975319345,0.00025065417546750197
333,2012,Washington,0.002972197688255253,1.95,6898599,0.0009938249780861302,0.00023280089189123762
334,2012,Wisconsin,0.0010535193787609305,1.36,5720825,0.0009837741934074194,0.00017882036244772388
335,2012,West Virginia,0.0012974805189491377,1.175,1857446,0.0009706877077449358,0.00015666673486066353
336,2012,Wyoming,0.0031439887905441027,1.36,576656,0.0010005965428262257,0.00016647706778391276
337,2011,Alaska,0.002945944411911694,1.66,722349,0.000985673130301281,0.0002422651654532643
338,2011,Alabama,0.0011580030343929818,1.66,4799642,0.0009927823783523854,0.0001348017206283302
339,2011,Arkansas,0.001164214811233313,1.45,2941038,0.0009891065671371808,0.00013940656326099832
340,2011,Colorado,0.0029512485601046485,1.95,5121900,0.0009793240789550753,0.0002297975360705988
341,2011,Connecticut,0.0012416987866128374,1.66,3588632,0.0009792032172705365,0.00020509207965598033
342,2011,Delaware,0.0011403827719565001,1.78,907590,0.0009938408312123316,0.00020163289591114931
343,2011,Georgia,0.0021395136291353306,1.95,9803630,0.0009874913679932841,0.00014382427733400792
344,2011,Iowa,0.0010219214209598888,1.36,3066772,0.000987031315011354,0.0001653204085598799
345,2011,Illinois,0.0010886879270500598,1.66,12867783,0.0009869610017514284,0.00017796383417407644
346,2011,Indiana,0.0009507077371590779,1.55,6517250,0.0009734167018297595,0.00016479343281291956
347,2011,Kansas,0.0008750113688753124,1.36,2869677,0.0009781588659629637,0.00013834309575607288
348,2011,Kentucky,0.0013805199348314056,1.45,4370817,0.000984255346311685,0.0001409347497275681
349,2011,Louisiana,0.0020302676168491014,1.36,4576244,0.0009820280561963041,0.0001551490698485483
350,2011,Massachusetts,0.002519421041157095,1.66,6614218,0.0009848480954211065,0.0002257258530033331
351,2011,Maine,0.0018419644208049393,1.95,1328473,0.0009996439521164524,0.0002009826319390759
352,2011,Michigan,0.0013341019217442223,1.66,9883053,0.0009803650754478398,0.0001965991682934413
353,2011,Minnesota,0.0014018202153884137,1.66,5346620,0.000986791655288762,0.00017992675746546417
354,2011,Missouri,0.001495379777221851,1.55,6011182,0.0009801732837235672,0.0001553770955529212
355,2011,Mississippi,0.0007740470678351891,1.55,2979147,0.0009841743290948718,0.00013661628647394707
356,2011,Montana,0.0017723990945526797,1.95,997518,0.0009884533411928407,0.00022856730404864875
357,2011,North Carolina,0.001335139885823591,1.95,9658913,0.0009839616528278079,0.00014660034726474914
358,2011,North Dakota,0.0008796165280383238,0.7550000000000001,685526,0.000984645367207079,0.00017213059752657083
359,2011,Nebraska,0.001927303502499302,1.36,1840914,0.0009902689642210336,0.00015481440197640954
360,2011,New Hampshire,0.001112504581792185,1.95,1320444,0.0009845173290196328,0.00021129256522805967
361,2011,New Jersey,0.0016012818410085822,1.95,8828552,0.0009788694680622598,0.0001686573290840899
362,2011,New Mexico,0.0017306617414177008,1.95,2080707,0.0009789941591968499,0.00020473810103969467
363,2011,New York,0.0032536029248528752,1.28,19499921,0.0009912860672615033,0.00019671874568107225
364,2011,Ohio,0.0011285552630473504,1.55,11545735,0.000979582503842328,0.0001849167679666994
365,2011,Oklahoma,0.0012206953925545235,1.36,3788824,0.0009931841647962535,0.00016997358547137583
366,2011,Pennsylvania,0.001184273822684649,1.45,12747052,0.0009963087935940013,0.00017305962194239107
367,2011,Rhode Island,0.0010153449943017322,1.95,1053829,0.0009849795365282222,0.00027518696107243205
368,2011,South Carolina,0.0010899584925486688,1.95,4672655,0.0009855210795575535,0.00016864074064958787
369,2011,South Dakota,0.0010027435841406269,1.55,823740,0.0009808920290382888,0.000169956539684852
370,2011,Tennessee,0.001423839952452214,1.66,6400298,0.0009880789925719084,0.00014233712242773695
371,2011,Texas,0.0014392776215277345,1.28,25645504,0.0009962759944199186,0.00014809613412159885
372,2011,Utah,0.0011119807218779897,1.95,2814797,0.0009990063226584368,0.00011830338031481489
373,2011,Vermont,0.0018239883162706454,1.66,627197,0.0009805531595336074,0.00024872567949145165
374,2011,Wisconsin,0.0010138735050404498,1.45,5705840,0.0009947702704597395,0.0001659703041094738
375,2011,West Virginia,0.001190882718250399,1.28,1856606,0.000980283377302454,0.0001551217651995092
376,2011,Wyoming,0.001829103897682959,1.45,567491,0.000990324075624107,0.00017092782088174086
377,2010,Alaska,0.0026093094783902113,1.78,713982,0.0009734138955884042,0.00022689647638175753
378,2010,Alabama,0.0012633961576541204,1.78,4785514,0.000985683042615694,0.00013290108439762164
379,2010,Arkansas,0.0009452436312413629,1.55,2921998,0.000985284726409806,0.00013518147514132454
380,2010,Connecticut,0.0012058651537659678,1.78,3579173,0.0009893346870911241,0.00019417893463098877
381,2010,Delaware,0.0010915392370563122,1.95,899647,0.000989276905275069,0.00018229372187091158
382,2010,Georgia,0.0020423777947941608,1.95,9712209,0.0009935947630451527,0.0001372499294444755
383,2010,Iowa,0.0009879314374271302,1.45,3050819,0.0009758035465230812,0.0001678237876452192
384,2010,Illinois,0.0011210583351407592,1.95,12840545,0.0009952848574573743,0.00017413591089786298
385,2010,Indiana,0.0009940598300145365,1.66,6490555,0.0009845074881886064,0.00016054097068740654
386,2010,Kansas,0.0007081216373843442,1.45,2858266,0.0009677195894293953,0.0001567383861404082
387,2010,Kentucky,0.0015230665356778853,1.55,4348464,0.000981955927426328,0.00013131073408909446
388,2010,Louisiana,0.0027465352002966135,1.45,4544635,0.0009721352759902611,0.00013862499408643378
389,2010,Massachusetts,0.002535011360798241,1.78,6566440,0.0009947551489086933,0.00023330754564116935
390,2010,Maine,0.0017918865726007814,1.95,1327651,0.0009776665705068575,0.00018905570816426907
391,2010,Michigan,0.0013219814495367649,1.95,9877597,0.0009871834212308926,0.00019215199810237248
392,2010,Minnesota,0.0014816602880020728,1.95,5310934,0.0009823130921980956,0.00017209778920242654
393,2010,Missouri,0.0013545496072523272,1.66,5996089,0.000988811206771614,0.00015009783877457456
394,2010,Mississippi,0.0009233778190711351,1.66,2970615,0.0009829614406444457,0.00013768192781629394
395,2010,Montana,0.0016301111301767384,1.95,990730,0.0009881602454755584,0.00023114269276190285
396,2010,North Carolina,0.0012732665412373966,1.95,9574586,0.0009774835173029935,0.0001546803172481818
397,2010,North Dakota,0.0011841387650573841,0.7550000000000001,674752,0.000967762970691454,0.0001600588067912359
398,2010,Nebraska,0.0021190528374920954,1.45,1829591,0.000986012720875868,0.00014210826354086787
399,2010,New Hampshire,0.0011953156385104272,1.95,1316807,0.000982680073845294,0.0002020037864318765
400,2010,New Jersey,0.001561120119880206,1.95,8799451,0.00099244827887558,0.0001680786676350604
401,2010,New Mexico,0.001683123334434427,1.95,2064614,0.0009846876946489756,0.0001942251675131526
402,2010,New York,0.0033817602472912827,1.36,19399956,0.0009855692456209695,0.00018634062881379732
403,2010,Ohio,0.0010892201178756456,1.66,11539449,0.0009827158991733487,0.00017453173024119261
404,2010,Oklahoma,0.001390686311274373,1.45,3760014,0.0009832410198472666,0.00016090365620979072
405,2010,Pennsylvania,0.0011419665141684562,1.55,12711406,0.0009857288800310523,0.00017464629797836684
406,2010,Rhode Island,0.0012163257096340207,1.95,1053994,0.0009886204285792898,0.0002647073892261246
407,2010,South Dakota,0.000895621501287073,1.55,816193,0.0009789351293137776,0.00015560045234399217
408,2010,Tennessee,0.0016168627010418348,1.78,6355518,0.0009936247525378734,0.00014648687959030248
409,2010,Texas,0.0013913772011667745,1.36,25241897,0.0009983401802170415,0.00014705709321292295
410,2010,Utah,0.001183247322110259,1.95,2775413,0.00099732904616358,0.00011277600847153198
411,2010,Vermont,0.0019492367619662367,1.78,625886,0.0009969866716942064,0.0002460511978219676
412,2010,Wisconsin,0.0011129000456547343,1.55,5690538,0.0009886587173304176,0.00016342918718757348
413,2010,West Virginia,0.001220968955354278,1.36,1854265,0.0009793637910438908,0.0001542390111445775
414,2010,Wyoming,0.001025630124829283,1.55,564531,0.0009742600494924105,0.0001594243717351217
415,2009,Alaska,0.00285021355139184,1.78,698895,0.0009844111061032058,0.0002303636454689188
416,2009,Alabama,0.0012778644866746898,1.78,4757938,0.0009783649976103093,0.00014502080523117367
417,2009,Arkansas,0.0009845200447521664,1.45,2896843,0.000982448824461664,0.00014740184400742463
418,2009,Connecticut,0.0012928830787294202,1.78,3561807,0.0009747861127792719,0.00020382912381271642
419,2009,Delaware,0.0012671997129175873,1.95,891730,0.0009902100411559552,0.000186155002074619
420,2009,Iowa,0.0011144559443695245,1.36,3032870,0.0009848757117845474,0.00015892537431541742
421,2009,Illinois,0.0010983233435791415,1.95,12796778,0.0009971259953091317,0.00017652881061154614
422,2009,Indiana,0.0010812275276441423,1.66,6459325,0.0009818363373881947,0.0001602334609266448
423,2009,Kansas,0.0006679130611599377,1.36,2832704,0.0009662146133164637,0.00016450712817152799
424,2009,Kentucky,0.001389598603127952,1.55,4317074,0.0009904856854434276,0.00013620336366715048
425,2009,Louisiana,0.002783833461571343,1.36,4491648,0.0009907276794619703,0.0001456035735658716
426,2009,Massachusetts,0.002375409524928835,1.78,6517613,0.0010161695700557857,0.0002497846987846624
427,2009,Maine,0.0018381606359855294,1.95,1329590,0.0009754886844816823,0.00020457434246647462
428,2009,Michigan,0.001414419157486913,1.95,9901591,0.0009894369500820625,0.00019784699246818012
429,2009,Minnesota,0.0014614094553835556,1.95,5281203,0.0009846241471876767,0.00017155182256769905
430,2009,Missouri,0.0011674043396104872,1.66,5961088,0.0010003207468166884,0.00016154769062291983
431,2009,Mississippi,0.0009453239754033258,1.66,2958774,0.0009622228666332745,0.00014026079720857356
432,2009,North Carolina,0.0013670469098792473,1.95,9449566,0.0009879818819192331,0.00015958404862191554
433,2009,North Dakota,0.0011624619530563878,0.7550000000000001,664968,0.0009504216744264385,0.00014887934456996426
434,2009,Nebraska,0.0020511032541266176,1.36,1812683,0.000980866483549523,0.00015832884183279703
435,2009,New Jersey,0.001504065625641732,1.95,8755602,0.0009890810477680462,0.00016857778597062772
436,2009,New Mexico,0.0017061059445149798,1.95,2036802,0.000967693472414108,0.0001904947068983632
437,2009,New York,0.0031629352693982606,1.45,19307066,0.0009923827887675942,0.00020080731064989367
438,2009,Ohio,0.0011015798910841072,1.66,11528896,0.0009922892877167076,0.00016818609518205385
439,2009,Oklahoma,0.0013013870343331615,1.45,3717572,0.0009769817504543287,0.0001697344395750775
440,2009,Pennsylvania,0.001191771471662507,1.55,12666858,0.0009789325813867968,0.0001742342102516662
441,2009,Rhode Island,0.0015251801838568173,1.95,1053646,0.0009775579274253403,0.0002458131099059836
442,2009,South Dakota,0.0009057488411742768,1.66,807067,0.0009900045473300234,0.00016603330330691257
443,2009,Tennessee,0.0016701503753794589,1.78,6306019,0.0009895307958951599,0.00014874677669065063
444,2009,Texas,0.001482193139430704,1.36,24801761,0.0009930746449818624,0.00015075542418137164
445,2009,Vermont,0.001942968901294299,1.66,624817,0.0009874891368192606,0.00025127357290214574
446,2009,Wisconsin,0.0011509430501031527,1.55,5669264,0.0009780811054133306,0.00017550779078201332
447,2009,West Virginia,0.0009021661187103409,1.36,1847775,0.0009746857707242495,0.0001596514727171869
448,2009,Wyoming,0.000919887612954161,1.55,559851,0.0009645423514470815,0.00015539848995536312
449,2008,Alaska,0.0023943385385225215,1.78,687455,0.000977518528485501,0.00022546930344531643
450,2008,Alabama,0.0011417475201379508,1.66,4718206,0.000999532449409797,0.00014051951101753506
451,2008,Arkansas,0.0011323495749253623,1.55,2874554,0.0009817175116557213,0.00016211210504307798
452,2008,Connecticut,0.0013050054730130115,1.66,3545579,0.0009682480632923424,0.0002025057120430824
453,2008,Delaware,0.001055580320271894,1.78,883874,0.0009741207457171497,0.00019120372360766354
454,2008,Iowa,0.0011091465140778073,1.28,3016734,0.0009898121610987247,0.00015215130004833042
455,2008,Illinois,0.00115509187310809,1.78,12747038,0.0009955253918596618,0.00017525640074188216
456,2008,Indiana,0.001151007516802842,1.66,6424806,0.0009787065944092319,0.000163117765734872
457,2008,Kansas,0.000618929117303093,1.36,2808076,0.0009672102891802074,0.0001623887672555871
458,2008,Kentucky,0.0018967905380992186,1.45,4289878,0.000989771737098351,0.00014079654479684503
459,2008,Louisiana,0.0012356879113605281,1.36,4435586,0.0009752939070508384,0.00015308011162448433
460,2008,Massachusetts,0.0022423982066997715,1.66,6468967,0.0009924304761486649,0.00021827287107817987
461,2008,Maine,0.001978190301606378,1.95,1330509,0.0009898467428630696,0.00019992348792830414
462,2008,Michigan,0.0028398829020812436,1.78,9946889,0.0009858358729045835,0.00019222090444560104
463,2008,Minnesota,0.0014568274780075083,1.78,5247018,0.0009757923452902201,0.00018505749360875072
464,2008,Missouri,0.0012976213707284168,1.55,5923916,0.0009893793227317876,0.0001679632189247788
465,2008,Mississippi,0.0006652405212554693,1.55,2947806,0.0009837825148602045,0.00013196255113124812
466,2008,Montana,0.0014512271933552843,1.95,976415,0.0009965025117393731,0.00021097586579476964
467,2008,North Carolina,0.001333161608168217,1.95,9309449,0.0009918954387096379,0.00016134144996121682
468,2008,North Dakota,0.0009352630674499559,0.7550000000000001,657569,0.0009504705970019876,0.0001535960484755212
469,2008,Nebraska,0.0022183527075036544,1.36,1796378,0.0009875427109439104,0.00016588936181583165
470,2008,New Jersey,0.0015878609909896464,1.95,8711090,0.0009774896138141152,0.00015405649580018115
471,2008,New Mexico,0.0014995061328060113,1.95,2010662,0.0009832582502678222,0.0001855110406423357
472,2008,New York,0.0031815330445342798,1.175,19212436,0.0010050781691608498,0.00020804233258083461
473,2008,Ohio,0.001121281943444213,1.55,11515391,0.000989111008041325,0.0001676886177811939
474,2008,Oklahoma,0.0010482488847024347,1.36,3668976,0.0009675724234772863,0.00016271570051153237
475,2008,Pennsylvania,0.0012192873852755468,1.45,12612285,0.0009657250847090753,0.00016832794374691025
476,2008,Rhode Island,0.0011336460654614252,1.95,1055003,0.0009876749165642182,0.00023317469239423963
477,2008,South Dakota,0.0007245433749956202,1.55,799124,0.0009935879788368262,0.0001714377243081174
478,2008,Tennessee,0.0015534434984347915,1.66,6247411,0.0009864886430554992,0.00015062239382041616
479,2008,Texas,0.001653294480295992,1.28,24309039,0.0009942803580182665,0.00014521347388516675
480,2008,Vermont,0.0015284762821817157,1.66,624151,0.0009773276018143046,0.0002403264594625339
481,2008,Wisconsin,0.0009659641666117119,1.45,5640996,0.0009835142588294691,0.00018737825731484297
482,2008,West Virginia,0.00109546761143503,1.36,1840310,0.0009759225347903342,0.00016301601360640326
483,2008,Wyoming,0.0013753495603826072,1.36,546043,0.0009687881723600523,0.00016665354193717345
484,2007,Alaska,0.0024136410407173308,1.66,680300,0.0009922093194179038,0.00021020138174334852
485,2007,Alabama,0.0011667422809255184,1.55,4672840,0.0009771359601441522,0.00013717567903031132
486,2007,Arkansas,0.001346602776753901,1.45,2848650,0.0009839748652870658,0.00016744773840240114
487,2007,Connecticut,0.001270671085570427,1.55,3527270,0.0009840471526137778,0.00018966509510187765
488,2007,Delaware,0.0012170934523584196,1.55,871749,0.0009876696159100843,0.00018583330752315174
489,2007,Georgia,0.0021004305032263143,1.95,9349988,0.0010145467566375487,0.00016235314954414915
490,2007,Iowa,0.0009115727731150716,1.28,2999212,0.0009885930037623215,0.00013770283661175003
491,2007,Idaho,0.0011620451729281345,1.95,1505105,0.0009972726155318067,0.00015347766434899892
492,2007,Illinois,0.0012198458931434847,1.66,12695866,0.0009987503018699159,0.00017604155557407426
493,2007,Indiana,0.0011533640280525469,1.55,6379599,0.0009809393976016362,0.00016725189153738346
494,2007,Kansas,0.0007583200570446352,1.36,2783785,0.0009770869517581279,0.00016272808424501174
495,2007,Kentucky,0.0018937329444223092,1.45,4256672,0.0009871561633125598,0.00015082205065365618
496,2007,Louisiana,0.0012556046842693575,1.36,4375581,0.0009566729538317311,0.00016020729589967596
497,2007,Massachusetts,0.0023519958380230984,1.66,6431559,0.0009851421715947875,0.00020119538668618293
498,2007,Maine,0.001987882806848324,1.78,1327040,0.0009886665059078853,0.00019140342416204485
499,2007,Michigan,0.0028291367388427325,1.78,10001284,0.0009917726563909194,0.00018757591525248157
500,2007,Minnesota,0.0014063212054532923,1.78,5207203,0.0009963122236640286,0.00020394826166754014
501,2007,Missouri,0.0010610413865587611,1.55,5887612,0.000982231845440902,0.00016611148968376314
502,2007,Mississippi,0.0004702306759779398,1.45,2928350,0.0009886113340276947,0.00012669250601874776
503,2007,Montana,0.0011920730253569482,1.95,964706,0.0009723169545954933,0.0002073170478881649
504,2007,North Carolina,0.0012943575464762864,1.78,9118037,0.001005698924011824,0.00016856698431910288
505,2007,North Dakota,0.0009742318733130931,0.7550000000000001,652822,0.0009405320286387407,0.00016543560112863842
506,2007,Nebraska,0.001979881577176692,1.36,1783440,0.0009818104337684474,0.00016148566814695197
507,2007,New Hampshire,0.0017127097078946166,1.95,1312540,0.0009995885839669649,0.00021713623965745807
508,2007,New Jersey,0.0019951866151717845,1.95,8677885,0.000985032643322653,0.0001473861430521377
509,2007,New Mexico,0.0015150220846502887,1.78,1990070,0.0009753425758892903,0.0001723557462802816
510,2007,New York,0.003271999993727896,1.175,19132335,0.0009941285263926228,0.00018915621119952166
511,2007,Ohio,0.0009794384019850323,1.55,11500468,0.0009808296497151247,0.0001746015901265931
512,2007,Oklahoma,0.0011614184548594535,1.36,3634349,0.0009770663191674767,0.000144455031698937
513,2007,Pennsylvania,0.0012909966040103513,1.45,12563937,0.000978992492560254,0.0001596633284614528
514,2007,Rhode Island,0.001297626535138535,1.95,1057315,0.0009855151965119193,0.00024401431928989942
515,2007,South Carolina,0.001273595838086816,1.95,4444110,0.0009855741644558753,0.00015706181890187237
516,2007,South Dakota,0.000731408764020247,1.55,791623,0.0009941600989359833,0.00016042990160720444
517,2007,Tennessee,0.0018151709102426322,1.55,6175727,0.0009937291593362207,0.00016613428670017312
518,2007,Texas,0.0016695211640592393,1.28,23831983,0.0009923639170101792,0.00014065132557370487
519,2007,Utah,0.0011590817578008012,1.95,2597746,0.001020500079684465,0.00013011279778700458
520,2007,Vermont,0.001660034547965375,1.66,623481,0.0009831895438674153,0.00023256522652655013
521,2007,Wisconsin,0.0010066345558323048,1.45,5610775,0.0009727711412416288,0.00019640780462592067
522,2007,West Virginia,0.0013134851138353765,1.36,1834052,0.000977616774224504,0.00015430314952902098
523,2007,Wyoming,0.0010039710138424606,1.36,534876,0.0009684487619560421,0.00017387207502299597
